Date,Open,High,Low,Close,Volume,Dividends,Stock Splits
2014-07-14 00:00:00+09:00,116.0,117.0,115.0,116.0,53800,0.0,0.0
2014-07-15 00:00:00+09:00,40.41669845581055,40.66669845581055,40.0,40.0,354212,0.0,0.0
2014-07-16 00:00:00+09:00,118.0,118.0,117.0,117.0,14200,0.0,0.0
2014-07-17 00:00:00+09:00,119.0,119.0,116.0,116.0,37500,0.0,0.0
2014-07-18 00:00:00+09:00,115.0,116.0,113.0,116.0,37200,0.0,0.0
2014-07-22 00:00:00+09:00,41.25,42.29169845581055,41.0,41.16669845581055,3046663,0.0,0.0
2014-07-23 00:00:00+09:00,41.5,42.91669845581055,41.25,42.29169845581055,3060084,0.0,0.0
2014-07-24 00:00:00+09:00,42.5,44.16669845581055,41.875,43.95830154418945,2935854,0.0,0.0
2014-07-25 00:00:00+09:00,120.0,121.0,118.0,119.0,111000,0.0,0.0
2014-07-28 00:00:00+09:00,118.0,119.0,117.0,119.0,26200,0.0,0.0
2014-07-29 00:00:00+09:00,43.95830154418945,43.95830154418945,43.95830154418945,43.95830154418945,0,0.0,0.0
2014-07-30 00:00:00+09:00,42.5,44.16669845581055,41.875,43.95830154418945,2935854,0.0,0.0
2014-07-31 00:00:00+09:00,118.0,119.0,118.0,118.0,37400,0.0,0.0
2014-08-01 00:00:00+09:00,118.0,118.0,117.0,117.0,22600,0.0,0.0
2014-08-04 00:00:00+09:00,44.58330154418945,44.79169845581055,43.75,44.16669845581055,677303,0.0,0.0
2014-08-05 00:00:00+09:00,43.95830154418945,44.58330154418945,43.75,44.58330154418945,1010796,0.0,0.0
2014-08-06 00:00:00+09:00,44.16669845581055,46.04169845581055,43.95830154418945,46.04169845581055,1426279,0.0,0.0
2014-08-07 00:00:00+09:00,114.0,116.0,114.0,115.0,47700,0.0,0.0
2014-08-08 00:00:00+09:00,115.0,117.0,112.0,115.0,67500,0.0,0.0
2014-08-11 00:00:00+09:00,45.625,46.25,45.20830154418945,45.20830154418945,543962,0.0,0.0
2014-08-12 00:00:00+09:00,119.0,119.0,114.0,115.0,24700,0.0,0.0
2014-08-13 00:00:00+09:00,115.0,117.0,115.0,115.0,37000,0.0,0.0
2014-08-14 00:00:00+09:00,45.20830154418945,45.41669845581055,44.58330154418945,44.79169845581055,451366,0.0,0.0
2014-08-15 00:00:00+09:00,115.0,118.0,115.0,116.0,31200,0.0,0.0
2014-08-18 00:00:00+09:00,117.0,118.0,116.0,117.0,21100,0.0,0.0
2014-08-19 00:00:00+09:00,118.0,130.0,117.0,119.0,522200,0.0,0.0
2014-08-20 00:00:00+09:00,120.0,120.0,118.0,120.0,41800,0.0,0.0
2014-08-21 00:00:00+09:00,120.0,121.0,117.0,120.0,99500,0.0,0.0
2014-08-22 00:00:00+09:00,120.0,123.0,120.0,121.0,63800,0.0,0.0
2014-08-25 00:00:00+09:00,45.20830154418945,47.08330154418945,43.95830154418945,45.20830154418945,2851003,0.0,0.0
2014-08-26 00:00:00+09:00,45.41669845581055,46.04169845581055,45.0,45.83330154418945,716664,0.0,0.0
2014-08-27 00:00:00+09:00,120.0,122.0,120.0,120.0,26900,0.0,0.0
2014-08-28 00:00:00+09:00,45.83330154418945,46.66669845581055,45.625,46.25,1591470,0.0,0.0
2014-08-29 00:00:00+09:00,120.0,122.0,119.0,120.0,41600,0.0,0.0
2014-09-01 00:00:00+09:00,120.0,122.0,120.0,120.0,21500,0.0,0.0
2014-09-02 00:00:00+09:00,120.0,125.0,120.0,121.0,69500,0.0,0.0
2014-09-03 00:00:00+09:00,44.79169845581055,45.41669845581055,44.79169845581055,45.20830154418945,969500,0.0,0.0
2014-09-04 00:00:00+09:00,123.0,124.0,122.0,122.0,49700,0.0,0.0
2014-09-05 00:00:00+09:00,123.0,124.0,121.0,121.0,35200,0.0,0.0
2014-09-08 00:00:00+09:00,121.0,125.0,119.0,123.0,106500,0.0,0.0
2014-09-09 00:00:00+09:00,122.0,124.0,121.0,123.0,34000,0.0,0.0
2014-09-10 00:00:00+09:00,49.375,49.58330154418945,49.16669845581055,49.16669845581055,505584,0.0,0.0
2014-09-11 00:00:00+09:00,49.16669845581055,49.16669845581055,48.125,48.54169845581055,603188,0.0,0.0
2014-09-12 00:00:00+09:00,123.0,124.0,121.0,121.0,66600,0.0,0.0
2014-09-16 00:00:00+09:00,48.95830154418945,49.16669845581055,47.5,47.70830154418945,1310524,0.0,0.0
2014-09-17 00:00:00+09:00,47.91669845581055,48.95830154418945,47.5,48.75,747374,0.0,0.0
2014-09-18 00:00:00+09:00,48.95830154418945,49.16669845581055,48.125,48.33330154418945,449066,0.0,0.0
2014-09-19 00:00:00+09:00,116.0,116.0,114.0,115.0,29200,0.0,0.0
2014-09-22 00:00:00+09:00,47.70830154418945,47.91669845581055,46.875,47.70830154418945,799302,0.0,0.0
2014-09-24 00:00:00+09:00,47.29169845581055,47.91669845581055,46.66669845581055,47.91669845581055,790978,0.0,0.0
2014-09-25 00:00:00+09:00,47.91669845581055,48.54169845581055,46.66669845581055,48.125,722820,0.0,0.0
2014-09-26 00:00:00+09:00,114.0,115.0,113.0,114.0,10000,0.0,0.0
2014-09-29 00:00:00+09:00,49.16669845581055,49.58330154418945,48.54169845581055,48.95830154418945,341922,0.0,0.0
2014-09-30 00:00:00+09:00,49.16669845581055,50.0,49.16669845581055,49.79169845581055,1353679,0.0,0.0
2014-10-01 00:00:00+09:00,48.95830154418945,49.375,48.33330154418945,48.33330154418945,1174681,0.0,0.0
2014-10-02 00:00:00+09:00,48.33330154418945,49.16669845581055,47.91669845581055,48.75,1346705,0.0,0.0
2014-10-03 00:00:00+09:00,116.0,120.0,116.0,119.0,151800,0.0,0.0
2014-10-06 00:00:00+09:00,48.33330154418945,49.16669845581055,47.91669845581055,48.75,1346705,0.0,0.0
2014-10-07 00:00:00+09:00,48.33330154418945,49.16669845581055,47.91669845581055,48.75,1346705,0.0,0.0
2014-10-08 00:00:00+09:00,48.33330154418945,49.16669845581055,47.91669845581055,48.75,1346705,0.0,0.0
2014-10-09 00:00:00+09:00,48.33330154418945,49.16669845581055,47.91669845581055,48.75,1346705,0.0,0.0
2014-10-10 00:00:00+09:00,125.0,138.0,122.0,129.0,781700,0.0,0.0
2014-10-14 00:00:00+09:00,47.91669845581055,48.125,47.08330154418945,47.70830154418945,615708,0.0,0.0
2014-10-15 00:00:00+09:00,47.29169845581055,47.70830154418945,45.625,46.66669845581055,1252118,0.0,0.0
2014-10-16 00:00:00+09:00,194.0,214.0,155.0,162.0,6026200,0.0,0.0
2014-10-17 00:00:00+09:00,185.0,212.0,182.0,212.0,1754300,0.0,0.0
2014-10-20 00:00:00+09:00,241.0,290.0,215.0,237.0,12975600,0.0,0.0
2014-10-21 00:00:00+09:00,269.0,317.0,262.0,317.0,6502100,0.0,0.0
2014-10-22 00:00:00+09:00,356.0,397.0,347.0,385.0,8762800,0.0,0.0
2014-10-23 00:00:00+09:00,345.0,436.0,330.0,350.0,6492200,0.0,0.0
2014-10-24 00:00:00+09:00,329.0,370.0,270.0,284.0,4479900,0.0,0.0
2014-10-27 00:00:00+09:00,46.04169845581055,46.25,45.0,45.20830154418945,1163566,0.0,0.0
2014-10-28 00:00:00+09:00,269.0,358.0,264.0,321.0,10392300,0.0,0.0
2014-10-29 00:00:00+09:00,45.20830154418945,45.625,45.20830154418945,45.20830154418945,328632,0.0,0.0
2014-10-30 00:00:00+09:00,313.0,329.0,284.0,294.0,1526300,0.0,0.0
2014-10-31 00:00:00+09:00,288.0,290.0,257.0,265.0,1169200,0.0,0.0
2014-11-04 00:00:00+09:00,45.0,45.41669845581055,43.54169845581055,43.54169845581055,1455638,0.0,0.0
2014-11-05 00:00:00+09:00,268.0,307.0,261.0,287.0,1910800,0.0,0.0
2014-11-06 00:00:00+09:00,279.0,337.0,279.0,320.0,3734400,0.0,0.0
2014-11-07 00:00:00+09:00,344.0,384.0,335.0,349.0,4946600,0.0,0.0
2014-11-10 00:00:00+09:00,44.16669845581055,44.79169845581055,43.95830154418945,44.58330154418945,541571,0.0,0.0
2014-11-11 00:00:00+09:00,416.0,418.0,367.0,380.0,3217000,0.0,0.0
2014-11-12 00:00:00+09:00,380.0,381.0,327.0,361.0,2383700,0.0,0.0
2014-11-13 00:00:00+09:00,44.16669845581055,44.79169845581055,44.16669845581055,44.79169845581055,255222,0.0,0.0
2014-11-14 00:00:00+09:00,323.0,342.0,306.0,320.0,1969600,0.0,0.0
2014-11-17 00:00:00+09:00,43.33330154418945,43.33330154418945,41.25,42.5,477782,0.0,0.0
2014-11-18 00:00:00+09:00,41.875,44.375,41.875,44.16669845581055,542718,0.0,0.0
2014-11-19 00:00:00+09:00,314.0,322.0,308.0,309.0,655000,0.0,0.0
2014-11-20 00:00:00+09:00,43.95830154418945,43.95830154418945,43.54169845581055,43.75,67559,0.0,0.0
2014-11-21 00:00:00+09:00,282.0,328.0,275.0,282.0,2665100,0.0,0.0
2014-11-25 00:00:00+09:00,285.0,303.0,285.0,293.0,721000,0.0,0.0
2014-11-26 00:00:00+09:00,285.0,291.0,283.0,286.0,279000,0.0,0.0
2014-11-27 00:00:00+09:00,43.33330154418945,43.33330154418945,41.66669845581055,42.91669845581055,855589,0.0,0.0
2014-11-28 00:00:00+09:00,267.0,277.0,256.0,273.0,476600,0.0,0.0
2014-12-01 00:00:00+09:00,38.75,38.75,38.75,38.75,4031038,0.0,0.0
2014-12-02 00:00:00+09:00,270.0,280.0,263.0,265.0,455800,0.0,0.0
2014-12-03 00:00:00+09:00,39.08330154418945,39.08330154418945,39.08330154418945,39.08330154418945,2233200,0.0,0.0
2014-12-04 00:00:00+09:00,262.0,263.0,238.0,241.0,649300,0.0,0.0
2014-12-05 00:00:00+09:00,246.0,249.0,232.0,240.0,402400,0.0,0.0
2014-12-08 00:00:00+09:00,240.0,242.0,226.0,230.0,378600,0.0,0.0
2014-12-09 00:00:00+09:00,39.66669845581055,39.66669845581055,38.75,39.66669845581055,696283,0.0,0.0
2014-12-10 00:00:00+09:00,227.0,227.0,216.0,223.0,202600,0.0,0.0
2014-12-11 00:00:00+09:00,39.0,39.25,38.16669845581055,38.5,1010387,0.0,0.0
2014-12-12 00:00:00+09:00,227.0,232.0,220.0,223.0,224800,0.0,0.0
2014-12-15 00:00:00+09:00,35.83330154418945,36.0,32.66669845581055,33.16669845581055,1332215,0.0,0.0
2014-12-16 00:00:00+09:00,32.33330154418945,32.33330154418945,29.91670036315918,30.41670036315918,1972238,0.0,0.0
2014-12-17 00:00:00+09:00,199.0,204.0,195.0,196.0,384400,0.0,0.0
2014-12-18 00:00:00+09:00,34.41669845581055,34.41669845581055,33.58330154418945,34.41669845581055,1306148,0.0,0.0
2014-12-19 00:00:00+09:00,230.0,244.0,215.0,220.0,1365100,0.0,0.0
2014-12-22 00:00:00+09:00,37.33330154418945,37.58330154418945,36.08330154418945,37.08330154418945,786487,0.0,0.0
2014-12-24 00:00:00+09:00,36.75,37.83330154418945,36.66669845581055,36.91669845581055,1074077,0.0,0.0
2014-12-25 00:00:00+09:00,36.83330154418945,37.41669845581055,35.91669845581055,36.83330154418945,955030,0.0,0.0
2014-12-26 00:00:00+09:00,241.0,242.0,231.0,241.0,439900,0.0,0.0
2014-12-29 00:00:00+09:00,36.75,37.0,36.16669845581055,36.33330154418945,1952420,0.0,0.0
2014-12-30 00:00:00+09:00,35.0,35.0,33.33330154418945,33.66669845581055,1788494,0.0,0.0
2015-01-05 00:00:00+09:00,221.0,232.0,221.0,222.0,213900,0.0,0.0
2015-01-06 00:00:00+09:00,214.0,216.0,209.0,211.0,262500,0.0,0.0
2015-01-07 00:00:00+09:00,34.16669845581055,35.16669845581055,33.41669845581055,34.58330154418945,2497217,0.0,0.0
2015-01-08 00:00:00+09:00,35.08330154418945,35.41669845581055,34.41669845581055,34.75,1479462,0.0,0.0
2015-01-09 00:00:00+09:00,224.0,269.0,224.0,258.0,2476600,0.0,0.0
2015-01-13 00:00:00+09:00,33.33330154418945,34.25,33.25,34.25,1385068,0.0,0.0
2015-01-14 00:00:00+09:00,267.0,269.0,245.0,256.0,1752100,0.0,0.0
2015-01-15 00:00:00+09:00,35.66669845581055,35.75,35.08330154418945,35.08330154418945,2199486,0.0,0.0
2015-01-16 00:00:00+09:00,286.0,288.0,244.0,255.0,1565100,0.0,0.0
2015-01-19 00:00:00+09:00,36.25,36.25,35.75,35.83330154418945,708335,0.0,0.0
2015-01-20 00:00:00+09:00,35.66669845581055,36.08330154418945,35.5,36.0,587704,0.0,0.0
2015-01-21 00:00:00+09:00,36.0,36.0,35.08330154418945,35.08330154418945,774116,0.0,0.0
2015-01-22 00:00:00+09:00,35.0,36.25,35.0,36.25,831932,0.0,0.0
2015-01-23 00:00:00+09:00,271.0,297.0,255.0,259.0,2331000,0.0,0.0
2015-01-26 00:00:00+09:00,36.5,36.66669845581055,36.08330154418945,36.16669845581055,1331585,0.0,0.0
2015-01-27 00:00:00+09:00,36.25,38.25,36.16669845581055,38.08330154418945,2733928,0.0,0.0
2015-01-28 00:00:00+09:00,252.0,256.0,250.0,252.0,281900,0.0,0.0
2015-01-29 00:00:00+09:00,253.0,253.0,243.0,243.0,467100,0.0,0.0
2015-01-30 00:00:00+09:00,243.0,251.0,242.0,243.0,230800,0.0,0.0
2015-02-02 00:00:00+09:00,241.0,247.0,236.0,237.0,233400,0.0,0.0
2015-02-03 00:00:00+09:00,234.0,238.0,230.0,231.0,266300,0.0,0.0
2015-02-04 00:00:00+09:00,231.0,240.0,230.0,236.0,151800,0.0,0.0
2015-02-05 00:00:00+09:00,235.0,247.0,234.0,247.0,197500,0.0,0.0
2015-02-06 00:00:00+09:00,245.0,245.0,235.0,239.0,130500,0.0,0.0
2015-02-09 00:00:00+09:00,240.0,249.0,236.0,236.0,225200,0.0,0.0
2015-02-10 00:00:00+09:00,238.0,243.0,237.0,242.0,118900,0.0,0.0
2015-02-12 00:00:00+09:00,40.0,40.66669845581055,40.0,40.41669845581055,660762,0.0,0.0
2015-02-13 00:00:00+09:00,250.0,253.0,244.0,248.0,179000,0.0,0.0
2015-02-16 00:00:00+09:00,249.0,252.0,244.0,248.0,162400,0.0,0.0
2015-02-17 00:00:00+09:00,244.0,244.0,231.0,237.0,214400,0.0,0.0
2015-02-18 00:00:00+09:00,251.0,274.0,240.0,243.0,1318700,0.0,0.0
2015-02-19 00:00:00+09:00,241.0,264.0,241.0,255.0,304600,0.0,0.0
2015-02-20 00:00:00+09:00,252.0,262.0,252.0,256.0,205100,0.0,0.0
2015-02-23 00:00:00+09:00,38.91669845581055,38.91669845581055,37.58330154418945,37.66669845581055,1472888,0.0,0.0
2015-02-24 00:00:00+09:00,37.91669845581055,38.5,37.75,38.400001525878906,1209052,0.0,0.0
2015-02-25 00:00:00+09:00,256.0,257.0,252.0,254.0,177100,0.0,0.0
2015-02-26 00:00:00+09:00,256.0,256.0,250.0,250.0,121900,0.0,0.0
2015-02-27 00:00:00+09:00,253.0,253.0,245.0,246.0,127800,0.0,0.0
2015-03-02 00:00:00+09:00,39.25,39.58330154418945,39.16669845581055,39.41669845581055,1039068,0.0,0.0
2015-03-03 00:00:00+09:00,241.0,247.0,235.0,237.0,121000,0.0,0.0
2015-03-04 00:00:00+09:00,40.25,40.33330154418945,39.83330154418945,39.92499923706055,663106,0.0,0.0
2015-03-05 00:00:00+09:00,243.0,251.0,242.0,247.0,174900,0.0,0.0
2015-03-06 00:00:00+09:00,249.0,252.0,240.0,244.0,182800,0.0,0.0
2015-03-09 00:00:00+09:00,40.66669845581055,41.66669845581055,40.58330154418945,41.04169845581055,2504734,0.0,0.0
2015-03-10 00:00:00+09:00,41.08330154418945,41.16669845581055,40.66669845581055,40.86669921875,1406512,0.0,0.0
2015-03-11 00:00:00+09:00,242.0,252.0,241.0,246.0,145500,0.0,0.0
2015-03-12 00:00:00+09:00,242.0,246.0,236.0,237.0,278100,0.0,0.0
2015-03-13 00:00:00+09:00,238.0,242.0,237.0,238.0,163100,0.0,0.0
2015-03-16 00:00:00+09:00,41.25,41.25,40.25,40.391700744628906,1157140,0.0,0.0
2015-03-17 00:00:00+09:00,40.08330154418945,40.5,39.58330154418945,40.016700744628906,940986,0.0,0.0
2015-03-18 00:00:00+09:00,39.66669845581055,39.66669845581055,37.5,39.08330154418945,1254330,0.0,0.0
2015-03-19 00:00:00+09:00,39.5,39.66669845581055,38.33330154418945,38.75,961168,0.0,0.0
2015-03-20 00:00:00+09:00,238.0,278.0,237.0,239.0,3055800,0.0,0.0
2015-03-23 00:00:00+09:00,38.91669845581055,39.25,38.75,39.16669845581055,456386,0.0,0.0
2015-03-24 00:00:00+09:00,38.75,39.0,38.08330154418945,38.25,1118426,0.0,0.0
2015-03-25 00:00:00+09:00,37.83330154418945,37.83330154418945,35.16669845581055,35.33330154418945,2048068,0.0,0.0
2015-03-26 00:00:00+09:00,33.16669845581055,36.5,33.08330154418945,36.5,1305094,0.0,0.0
2015-03-27 00:00:00+09:00,244.0,246.0,232.0,235.0,416500,0.0,0.0
2015-03-30 00:00:00+09:00,36.16669845581055,36.66669845581055,35.83330154418945,35.83330154418945,631080,0.0,0.0
2015-03-31 00:00:00+09:00,36.0,36.0,34.5,34.58330154418945,1713929,0.0,0.0
2015-04-01 00:00:00+09:00,34.5,34.66669845581055,33.66669845581055,34.16669845581055,1547395,0.0,0.0
2015-04-02 00:00:00+09:00,34.41669845581055,35.33330154418945,34.25,34.58330154418945,1490750,0.0,0.0
2015-04-03 00:00:00+09:00,247.0,262.0,244.0,256.0,969200,0.0,0.0
2015-04-06 00:00:00+09:00,270.0,336.0,266.0,299.0,14307700,0.0,0.0
2015-04-07 00:00:00+09:00,35.41669845581055,36.25,35.41669845581055,36.08330154418945,750713,0.0,0.0
2015-04-08 00:00:00+09:00,299.0,316.0,281.0,310.0,5479200,0.0,0.0
2015-04-09 00:00:00+09:00,321.0,324.0,288.0,291.0,2875400,0.0,0.0
2015-04-10 00:00:00+09:00,290.0,293.0,278.0,282.0,1828400,0.0,0.0
2015-04-13 00:00:00+09:00,286.0,286.0,272.0,275.0,868600,0.0,0.0
2015-04-14 00:00:00+09:00,38.33330154418945,40.0,38.33330154418945,39.66669845581055,1373209,0.0,0.0
2015-04-15 00:00:00+09:00,39.83330154418945,40.5,39.83330154418945,40.41669845581055,1098541,0.0,0.0
2015-04-16 00:00:00+09:00,286.0,294.0,284.0,289.0,1196300,0.0,0.0
2015-04-17 00:00:00+09:00,292.0,297.0,287.0,292.0,681800,0.0,0.0
2015-04-20 00:00:00+09:00,45.83330154418945,46.25,44.16669845581055,44.16669845581055,1248311,0.0,0.0
2015-04-21 00:00:00+09:00,43.54169845581055,45.83330154418945,43.33330154418945,44.58330154418945,966817,0.0,0.0
2015-04-22 00:00:00+09:00,45.41669845581055,45.83330154418945,44.79169845581055,45.20830154418945,1616599,0.0,0.0
2015-04-23 00:00:00+09:00,45.0,46.66669845581055,44.79169845581055,46.04169845581055,1625206,0.0,0.0
2015-04-24 00:00:00+09:00,269.0,269.0,261.0,265.0,381900,0.0,0.0
2015-04-27 00:00:00+09:00,264.0,269.0,258.0,262.0,400400,0.0,0.0
2015-04-28 00:00:00+09:00,49.16669845581055,49.79169845581055,48.95830154418945,49.58330154418945,1800150,0.0,0.0
2015-04-30 00:00:00+09:00,48.54169845581055,50.20830154418945,48.125,49.29169845581055,2348784,0.0,0.0
2015-05-01 00:00:00+09:00,242.0,243.0,235.0,237.0,457000,0.0,0.0
2015-05-07 00:00:00+09:00,47.91669845581055,48.125,47.5,47.78329849243164,778890,0.0,0.0
2015-05-08 00:00:00+09:00,234.0,239.0,233.0,237.0,169200,0.0,0.0
2015-05-11 00:00:00+09:00,47.70830154418945,47.70830154418945,45.625,45.93330001831055,613696,0.0,0.0
2015-05-12 00:00:00+09:00,45.83330154418945,47.70830154418945,45.625,46.733299255371094,765028,0.0,0.0
2015-05-13 00:00:00+09:00,47.08330154418945,47.5,45.83330154418945,47.25,1847833,0.0,0.0
2015-05-14 00:00:00+09:00,238.0,239.0,233.0,233.0,175400,0.0,0.0
2015-05-15 00:00:00+09:00,231.0,237.0,230.0,232.0,205100,0.0,0.0
2015-05-18 00:00:00+09:00,233.0,236.0,231.0,232.0,104500,0.0,0.0
2015-05-19 00:00:00+09:00,232.0,238.0,230.0,238.0,256900,0.0,0.0
2015-05-20 00:00:00+09:00,238.0,250.0,235.0,244.0,433200,0.0,0.0
2015-05-21 00:00:00+09:00,243.0,249.0,243.0,246.0,171800,0.0,0.0
2015-05-22 00:00:00+09:00,245.0,247.0,244.0,244.0,56100,0.0,0.0
2015-05-25 00:00:00+09:00,243.0,269.0,236.0,247.0,1270100,0.0,0.0
2015-05-26 00:00:00+09:00,243.0,252.0,239.0,241.0,289700,0.0,0.0
2015-05-27 00:00:00+09:00,240.0,240.0,237.0,237.0,125400,0.0,0.0
2015-05-28 00:00:00+09:00,238.0,239.0,236.0,236.0,79200,0.0,0.0
2015-05-29 00:00:00+09:00,236.0,239.0,235.0,237.0,102900,0.0,0.0
2015-06-01 00:00:00+09:00,236.0,241.0,236.0,237.0,88100,0.0,0.0
2015-06-02 00:00:00+09:00,238.0,245.0,237.0,238.0,152000,0.0,0.0
2015-06-03 00:00:00+09:00,240.0,241.0,238.0,240.0,65300,0.0,0.0
2015-06-04 00:00:00+09:00,241.0,242.0,238.0,242.0,138100,0.0,0.0
2015-06-05 00:00:00+09:00,241.0,241.0,234.0,235.0,265400,0.0,0.0
2015-06-08 00:00:00+09:00,236.0,236.0,234.0,235.0,50500,0.0,0.0
2015-06-09 00:00:00+09:00,237.0,238.0,234.0,234.0,133400,0.0,0.0
2015-06-10 00:00:00+09:00,236.0,236.0,233.0,234.0,79300,0.0,0.0
2015-06-11 00:00:00+09:00,234.0,235.0,232.0,235.0,95200,0.0,0.0
2015-06-12 00:00:00+09:00,235.0,236.0,232.0,233.0,91000,0.0,0.0
2015-06-15 00:00:00+09:00,232.0,235.0,229.0,232.0,225700,0.0,0.0
2015-06-16 00:00:00+09:00,48.33330154418945,48.75,47.70830154418945,48.599998474121094,321456,0.0,0.0
2015-06-17 00:00:00+09:00,48.75,48.95830154418945,48.33330154418945,48.81669998168945,557536,0.0,0.0
2015-06-18 00:00:00+09:00,48.75,49.58330154418945,48.75,49.375,735323,0.0,0.0
2015-06-19 00:00:00+09:00,223.0,230.0,223.0,223.0,86500,0.0,0.0
2015-06-22 00:00:00+09:00,223.0,229.0,223.0,225.0,66200,0.0,0.0
2015-06-23 00:00:00+09:00,48.95830154418945,49.79169845581055,48.95830154418945,49.55830001831055,263854,0.0,0.0
2015-06-24 00:00:00+09:00,49.58330154418945,50.83330154418945,49.375,50.17499923706055,707623,0.0,0.0
2015-06-25 00:00:00+09:00,50.41669845581055,50.41669845581055,49.16669845581055,49.99169921875,607148,0.0,0.0
2015-06-26 00:00:00+09:00,227.0,228.0,221.0,221.0,116300,0.0,0.0
2015-06-29 00:00:00+09:00,48.33330154418945,48.33330154418945,46.25,46.44169998168945,875996,0.0,0.0
2015-06-30 00:00:00+09:00,46.04169845581055,47.29169845581055,45.41669845581055,46.733299255371094,869390,0.0,0.0
2015-07-01 00:00:00+09:00,46.66669845581055,47.5,45.83330154418945,47.08330154418945,609802,0.0,0.0
2015-07-02 00:00:00+09:00,218.0,225.0,215.0,216.0,173900,0.0,0.0
2015-07-03 00:00:00+09:00,218.0,218.0,209.0,210.0,101200,0.0,0.0
2015-07-06 00:00:00+09:00,47.91669845581055,48.33330154418945,47.08330154418945,47.25,735054,0.0,0.0
2015-07-07 00:00:00+09:00,46.875,47.29169845581055,45.83330154418945,45.95000076293945,625204,0.0,0.0
2015-07-08 00:00:00+09:00,45.41669845581055,46.25,45.41669845581055,45.75,304948,0.0,0.0
2015-07-09 00:00:00+09:00,45.41669845581055,47.5,45.20830154418945,46.66669845581055,1339967,0.0,0.0
2015-07-10 00:00:00+09:00,192.0,193.0,185.0,187.0,93100,0.0,0.0
2015-07-13 00:00:00+09:00,186.0,191.0,186.0,188.0,53200,0.0,0.0
2015-07-14 00:00:00+09:00,46.04169845581055,47.29169845581055,45.83330154418945,46.625,517024,0.0,0.0
2015-07-15 00:00:00+09:00,46.66669845581055,47.70830154418945,46.66669845581055,47.57500076293945,493452,0.0,0.0
2015-07-16 00:00:00+09:00,47.57500076293945,47.57500076293945,47.57500076293945,47.57500076293945,0,0.0,0.0
2015-07-17 00:00:00+09:00,225.0,244.0,221.0,225.0,1232700,0.0,0.0
2015-07-21 00:00:00+09:00,47.57500076293945,47.57500076293945,47.57500076293945,47.57500076293945,0,0.0,0.0
2015-07-22 00:00:00+09:00,212.0,214.0,209.0,212.0,135500,0.0,0.0
2015-07-23 00:00:00+09:00,47.70830154418945,47.70830154418945,46.66669845581055,46.93330001831055,361934,0.0,0.0
2015-07-24 00:00:00+09:00,206.0,208.0,205.0,206.0,91600,0.0,0.0
2015-07-27 00:00:00+09:00,208.0,219.0,202.0,209.0,259600,0.0,0.0
2015-07-28 00:00:00+09:00,204.0,217.0,202.0,211.0,131000,0.0,0.0
2015-07-29 00:00:00+09:00,43.75,43.75,43.125,43.53329849243164,635059,0.0,0.0
2015-07-30 00:00:00+09:00,43.54169845581055,44.58330154418945,43.54169845581055,44.25,617390,0.0,0.0
2015-07-31 00:00:00+09:00,204.0,212.0,201.0,207.0,129200,0.0,0.0
2015-08-03 00:00:00+09:00,41.33330154418945,41.875,40.83330154418945,41.25,893981,0.0,0.0
2015-08-04 00:00:00+09:00,41.0,41.0,40.41669845581055,40.45000076293945,1462513,0.0,0.0
2015-08-05 00:00:00+09:00,40.58330154418945,41.33330154418945,40.33330154418945,40.33330154418945,546658,0.0,0.0
2015-08-06 00:00:00+09:00,206.0,229.0,205.0,209.0,2285900,0.0,0.0
2015-08-07 00:00:00+09:00,212.0,212.0,203.0,203.0,262100,0.0,0.0
2015-08-10 00:00:00+09:00,41.08330154418945,42.70830154418945,41.0,41.82500076293945,1170284,0.0,0.0
2015-08-11 00:00:00+09:00,42.08330154418945,42.5,41.41669845581055,41.525001525878906,1498294,0.0,0.0
2015-08-12 00:00:00+09:00,41.0,41.58330154418945,40.75,41.525001525878906,463889,0.0,0.0
2015-08-13 00:00:00+09:00,41.66669845581055,42.29169845581055,41.33330154418945,41.42499923706055,348934,0.0,0.0
2015-08-14 00:00:00+09:00,201.0,201.0,196.0,198.0,102400,0.0,0.0
2015-08-17 00:00:00+09:00,201.0,203.0,197.0,201.0,93400,0.0,0.0
2015-08-18 00:00:00+09:00,40.83330154418945,40.83330154418945,38.75,39.67499923706055,546848,0.0,0.0
2015-08-19 00:00:00+09:00,39.75,40.08330154418945,38.5,38.59170150756836,476020,0.0,0.0
2015-08-20 00:00:00+09:00,37.41669845581055,38.66669845581055,36.41669845581055,38.43330001831055,499415,0.0,0.0
2015-08-21 00:00:00+09:00,196.0,196.0,189.0,190.0,174300,0.0,0.0
2015-08-24 00:00:00+09:00,35.83330154418945,36.5,32.91669845581055,33.28329849243164,1930855,0.0,0.0
2015-08-25 00:00:00+09:00,33.83330154418945,36.58330154418945,32.91669845581055,36.46670150756836,1577156,0.0,0.0
2015-08-26 00:00:00+09:00,147.0,159.0,146.0,154.0,314200,0.0,0.0
2015-08-27 00:00:00+09:00,159.0,163.0,156.0,159.0,197800,0.0,0.0
2015-08-28 00:00:00+09:00,162.0,196.0,162.0,177.0,1229100,0.0,0.0
2015-08-31 00:00:00+09:00,174.0,183.0,174.0,182.0,161000,0.0,0.0
2015-09-01 00:00:00+09:00,181.0,182.0,176.0,179.0,84700,0.0,0.0
2015-09-02 00:00:00+09:00,170.0,181.0,170.0,175.0,97900,0.0,0.0
2015-09-03 00:00:00+09:00,178.0,196.0,178.0,185.0,450900,0.0,0.0
2015-09-04 00:00:00+09:00,185.0,186.0,175.0,178.0,127100,0.0,0.0
2015-09-07 00:00:00+09:00,179.0,181.0,171.0,176.0,57600,0.0,0.0
2015-09-08 00:00:00+09:00,175.0,180.0,170.0,170.0,100700,0.0,0.0
2015-09-09 00:00:00+09:00,179.0,181.0,175.0,181.0,60200,0.0,0.0
2015-09-10 00:00:00+09:00,180.0,204.0,176.0,199.0,394000,0.0,0.0
2015-09-11 00:00:00+09:00,194.0,210.0,185.0,199.0,424900,0.0,0.0
2015-09-14 00:00:00+09:00,195.0,195.0,180.0,181.0,334600,0.0,0.0
2015-09-15 00:00:00+09:00,186.0,186.0,177.0,178.0,114300,0.0,0.0
2015-09-16 00:00:00+09:00,178.0,181.0,176.0,177.0,44800,0.0,0.0
2015-09-17 00:00:00+09:00,177.0,187.0,177.0,185.0,81000,0.0,0.0
2015-09-18 00:00:00+09:00,184.0,191.0,183.0,187.0,125500,0.0,0.0
2015-09-24 00:00:00+09:00,184.0,190.0,183.0,186.0,46200,0.0,0.0
2015-09-25 00:00:00+09:00,182.0,184.0,181.0,183.0,28100,0.0,0.0
2015-09-28 00:00:00+09:00,183.0,188.0,180.0,181.0,62700,0.0,0.0
2015-09-29 00:00:00+09:00,183.0,183.0,169.0,172.0,161400,0.0,0.0
2015-09-30 00:00:00+09:00,173.0,184.0,173.0,180.0,77500,0.0,0.0
2015-10-01 00:00:00+09:00,177.0,183.0,176.0,182.0,78300,0.0,0.0
2015-10-02 00:00:00+09:00,184.0,193.0,181.0,190.0,88800,0.0,0.0
2015-10-05 00:00:00+09:00,194.0,197.0,190.0,192.0,94200,0.0,0.0
2015-10-06 00:00:00+09:00,192.0,240.0,191.0,200.0,3366700,0.0,0.0
2015-10-07 00:00:00+09:00,204.0,218.0,202.0,210.0,876200,0.0,0.0
2015-10-08 00:00:00+09:00,212.0,214.0,197.0,198.0,312000,0.0,0.0
2015-10-09 00:00:00+09:00,203.0,225.0,199.0,205.0,814100,0.0,0.0
2015-10-13 00:00:00+09:00,42.5,43.33330154418945,42.29169845581055,42.49169921875,293627,0.0,0.0
2015-10-14 00:00:00+09:00,208.0,216.0,207.0,208.0,218400,0.0,0.0
2015-10-15 00:00:00+09:00,207.0,212.0,207.0,211.0,112000,0.0,0.0
2015-10-16 00:00:00+09:00,214.0,224.0,211.0,220.0,567600,0.0,0.0
2015-10-19 00:00:00+09:00,40.83330154418945,41.0,40.08330154418945,40.29169845581055,523056,0.0,0.0
2015-10-20 00:00:00+09:00,40.08330154418945,40.83330154418945,39.83330154418945,40.04169845581055,480845,0.0,0.0
2015-10-21 00:00:00+09:00,39.83330154418945,40.25,39.75,40.0,479762,0.0,0.0
2015-10-22 00:00:00+09:00,40.08330154418945,40.16669845581055,39.0,39.11669921875,884719,0.0,0.0
2015-10-23 00:00:00+09:00,205.0,208.0,202.0,206.0,118400,0.0,0.0
2015-10-26 00:00:00+09:00,217.0,222.0,207.0,208.0,364400,0.0,0.0
2015-10-27 00:00:00+09:00,207.0,210.0,203.0,209.0,165200,0.0,0.0
2015-10-28 00:00:00+09:00,207.0,210.0,203.0,203.0,88700,0.0,0.0
2015-10-29 00:00:00+09:00,40.25,40.33330154418945,39.83330154418945,40.04169845581055,419026,0.0,0.0
2015-10-30 00:00:00+09:00,201.0,203.0,198.0,200.0,166700,0.0,0.0
2015-11-02 00:00:00+09:00,39.16669845581055,40.16669845581055,39.16669845581055,39.625,251226,0.0,0.0
2015-11-04 00:00:00+09:00,39.75,40.0,39.0,39.849998474121094,398764,0.0,0.0
2015-11-05 00:00:00+09:00,194.0,195.0,185.0,187.0,133100,0.0,0.0
2015-11-06 00:00:00+09:00,185.0,200.0,185.0,196.0,86100,0.0,0.0
2015-11-09 00:00:00+09:00,39.58330154418945,40.0,39.41669845581055,39.83330154418945,299894,0.0,0.0
2015-11-10 00:00:00+09:00,40.0,40.0,39.58330154418945,39.65829849243164,250849,0.0,0.0
2015-11-11 00:00:00+09:00,39.66669845581055,40.5,39.58330154418945,40.24169921875,362153,0.0,0.0
2015-11-12 00:00:00+09:00,40.25,40.58330154418945,39.91669845581055,40.141700744628906,322799,0.0,0.0
2015-11-13 00:00:00+09:00,189.0,192.0,187.0,191.0,62900,0.0,0.0
2015-11-16 00:00:00+09:00,186.0,188.0,184.0,185.0,91800,0.0,0.0
2015-11-17 00:00:00+09:00,38.58330154418945,38.75,37.25,37.36669921875,857371,0.0,0.0
2015-11-18 00:00:00+09:00,37.16669845581055,37.91669845581055,36.91669845581055,37.69169998168945,371771,0.0,0.0
2015-11-19 00:00:00+09:00,37.91669845581055,38.33330154418945,37.75,38.150001525878906,482970,0.0,0.0
2015-11-20 00:00:00+09:00,188.0,190.0,185.0,189.0,66700,0.0,0.0
2015-11-24 00:00:00+09:00,185.0,190.0,184.0,185.0,110400,0.0,0.0
2015-11-25 00:00:00+09:00,38.66669845581055,39.25,38.41669845581055,39.08330154418945,421975,0.0,0.0
2015-11-26 00:00:00+09:00,187.0,190.0,187.0,188.0,48300,0.0,0.0
2015-11-27 00:00:00+09:00,189.0,191.0,187.0,189.0,117000,0.0,0.0
2015-11-30 00:00:00+09:00,39.08330154418945,39.08330154418945,38.08330154418945,38.275001525878906,516977,0.0,0.0
2015-12-01 00:00:00+09:00,38.33330154418945,38.33330154418945,38.08330154418945,38.25,360481,0.0,0.0
2015-12-02 00:00:00+09:00,38.33330154418945,38.91669845581055,38.33330154418945,38.42499923706055,374816,0.0,0.0
2015-12-03 00:00:00+09:00,38.41669845581055,38.83330154418945,38.33330154418945,38.5,418124,0.0,0.0
2015-12-04 00:00:00+09:00,176.0,187.0,176.0,181.0,281400,0.0,0.0
2015-12-07 00:00:00+09:00,39.25,39.25,38.41669845581055,38.483299255371094,346974,0.0,0.0
2015-12-08 00:00:00+09:00,38.33330154418945,38.33330154418945,37.16669845581055,37.233299255371094,724493,0.0,0.0
2015-12-09 00:00:00+09:00,37.5,37.91669845581055,37.33330154418945,37.58330154418945,338845,0.0,0.0
2015-12-10 00:00:00+09:00,37.75,37.75,37.5,37.5,55169,0.0,0.0
2015-12-11 00:00:00+09:00,170.0,170.0,168.0,169.0,69300,0.0,0.0
2015-12-14 00:00:00+09:00,36.83330154418945,37.25,36.33330154418945,36.42499923706055,438338,0.0,0.0
2015-12-15 00:00:00+09:00,36.41669845581055,36.58330154418945,35.83330154418945,36.29169845581055,561012,0.0,0.0
2015-12-16 00:00:00+09:00,36.33330154418945,36.41669845581055,35.83330154418945,36.17499923706055,514388,0.0,0.0
2015-12-17 00:00:00+09:00,36.25,37.16669845581055,36.25,36.91669845581055,834443,0.0,0.0
2015-12-18 00:00:00+09:00,165.0,173.0,165.0,165.0,138900,0.0,0.0
2015-12-21 00:00:00+09:00,35.58330154418945,36.16669845581055,35.58330154418945,35.65829849243164,697490,0.0,0.0
2015-12-22 00:00:00+09:00,35.83330154418945,36.0,35.58330154418945,35.641700744628906,766618,0.0,0.0
2015-12-24 00:00:00+09:00,157.0,165.0,150.0,152.0,359200,0.0,0.0
2015-12-25 00:00:00+09:00,147.0,163.0,146.0,148.0,319900,0.0,0.0
2015-12-28 00:00:00+09:00,154.0,172.0,154.0,158.0,552100,0.0,0.0
2015-12-29 00:00:00+09:00,163.0,163.0,157.0,159.0,85800,0.0,0.0
2015-12-30 00:00:00+09:00,158.0,163.0,158.0,160.0,40600,0.0,0.0
2016-01-04 00:00:00+09:00,165.0,167.0,159.0,161.0,85000,0.0,0.0
2016-01-05 00:00:00+09:00,161.0,174.0,161.0,173.0,189100,0.0,0.0
2016-01-06 00:00:00+09:00,211.0,215.0,176.0,183.0,3174700,0.0,0.0
2016-01-07 00:00:00+09:00,180.0,184.0,170.0,175.0,318000,0.0,0.0
2016-01-08 00:00:00+09:00,179.0,192.0,173.0,175.0,333900,0.0,0.0
2016-01-12 00:00:00+09:00,172.0,172.0,165.0,170.0,249500,0.0,0.0
2016-01-13 00:00:00+09:00,170.0,173.0,168.0,170.0,121400,0.0,0.0
2016-01-14 00:00:00+09:00,168.0,168.0,157.0,164.0,182400,0.0,0.0
2016-01-15 00:00:00+09:00,160.0,163.0,152.0,152.0,162000,0.0,0.0
2016-01-18 00:00:00+09:00,145.0,154.0,140.0,153.0,125100,0.0,0.0
2016-01-19 00:00:00+09:00,153.0,154.0,150.0,153.0,51700,0.0,0.0
2016-01-20 00:00:00+09:00,153.0,158.0,144.0,152.0,146000,0.0,0.0
2016-01-21 00:00:00+09:00,147.0,153.0,143.0,153.0,150400,0.0,0.0
2016-01-22 00:00:00+09:00,153.0,161.0,153.0,159.0,129700,0.0,0.0
2016-01-25 00:00:00+09:00,29.58329963684082,29.91670036315918,29.16670036315918,29.558300018310547,357427,0.0,0.0
2016-01-26 00:00:00+09:00,157.0,161.0,154.0,159.0,126400,0.0,0.0
2016-01-27 00:00:00+09:00,162.0,173.0,161.0,173.0,195700,0.0,0.0
2016-01-28 00:00:00+09:00,30.08329963684082,31.16670036315918,30.08329963684082,30.983299255371094,1338743,0.0,0.0
2016-01-29 00:00:00+09:00,188.0,192.0,168.0,170.0,544100,0.0,0.0
2016-02-01 00:00:00+09:00,182.0,189.0,175.0,188.0,275200,0.0,0.0
2016-02-02 00:00:00+09:00,30.75,30.75,29.41670036315918,29.608299255371094,444820,0.0,0.0
2016-02-03 00:00:00+09:00,185.0,186.0,179.0,182.0,117500,0.0,0.0
2016-02-04 00:00:00+09:00,30.33329963684082,30.58329963684082,29.75,29.774999618530273,730236,0.0,0.0
2016-02-05 00:00:00+09:00,175.0,175.0,168.0,173.0,97400,0.0,0.0
2016-02-08 00:00:00+09:00,29.58329963684082,29.58329963684082,28.91670036315918,29.16670036315918,403364,0.0,0.0
2016-02-09 00:00:00+09:00,185.0,185.0,174.0,180.0,112000,0.0,0.0
2016-02-10 00:00:00+09:00,181.0,184.0,176.0,180.0,117600,0.0,0.0
2016-02-12 00:00:00+09:00,173.0,173.0,159.0,162.0,216600,0.0,0.0
2016-02-15 00:00:00+09:00,167.0,172.0,166.0,170.0,164000,0.0,0.0
2016-02-16 00:00:00+09:00,29.16670036315918,30.08329963684082,28.75,29.200000762939453,1387782,0.0,0.0
2016-02-17 00:00:00+09:00,29.33329963684082,29.58329963684082,29.0,29.391700744628906,899012,0.0,0.0
2016-02-18 00:00:00+09:00,29.58329963684082,30.25,29.58329963684082,30.0,1353778,0.0,0.0
2016-02-19 00:00:00+09:00,203.0,206.0,195.0,199.0,391800,0.0,0.0
2016-02-22 00:00:00+09:00,30.16670036315918,30.91670036315918,30.08329963684082,30.733299255371094,1091604,0.0,0.0
2016-02-23 00:00:00+09:00,30.66670036315918,30.66670036315918,30.33329963684082,30.566699981689453,517487,0.0,0.0
2016-02-24 00:00:00+09:00,30.33329963684082,30.33329963684082,29.66670036315918,29.783300399780273,754042,0.0,0.0
2016-02-25 00:00:00+09:00,29.91670036315918,30.41670036315918,29.58329963684082,30.25,600856,0.0,0.0
2016-02-26 00:00:00+09:00,219.0,237.0,213.0,234.0,1271200,0.0,0.0
2016-02-29 00:00:00+09:00,30.91670036315918,31.25,30.5,30.625,1075121,0.0,0.0
2016-03-01 00:00:00+09:00,240.0,273.0,232.0,248.0,2092600,0.0,0.0
2016-03-02 00:00:00+09:00,251.0,274.0,249.0,258.0,1000800,0.0,0.0
2016-03-03 00:00:00+09:00,255.0,302.0,255.0,283.0,2559000,0.0,0.0
2016-03-04 00:00:00+09:00,297.0,305.0,280.0,296.0,1287700,0.0,0.0
2016-03-07 00:00:00+09:00,34.41669845581055,35.08330154418945,33.33330154418945,33.59170150756836,1083770,0.0,0.0
2016-03-08 00:00:00+09:00,33.91669845581055,34.25,33.33330154418945,33.724998474121094,481064,0.0,0.0
2016-03-09 00:00:00+09:00,33.5,33.75,33.08330154418945,33.66669845581055,526790,0.0,0.0
2016-03-10 00:00:00+09:00,283.0,294.0,282.0,286.0,438100,0.0,0.0
2016-03-11 00:00:00+09:00,280.0,300.0,278.0,298.0,509000,0.0,0.0
2016-03-14 00:00:00+09:00,305.0,307.0,296.0,298.0,572400,0.0,0.0
2016-03-15 00:00:00+09:00,33.0,33.33330154418945,32.58330154418945,32.69169998168945,636336,0.0,0.0
2016-03-16 00:00:00+09:00,286.0,289.0,276.0,276.0,325800,0.0,0.0
2016-03-17 00:00:00+09:00,280.0,290.0,267.0,284.0,525600,0.0,0.0
2016-03-18 00:00:00+09:00,288.0,364.0,284.0,308.0,10930800,0.0,0.0
2016-03-22 00:00:00+09:00,34.58330154418945,34.75,33.33330154418945,33.42499923706055,1343171,0.0,0.0
2016-03-23 00:00:00+09:00,33.58330154418945,34.08330154418945,33.25,33.67499923706055,512309,0.0,0.0
2016-03-24 00:00:00+09:00,33.25,33.33330154418945,32.33330154418945,32.59170150756836,857424,0.0,0.0
2016-03-25 00:00:00+09:00,318.0,322.0,294.0,299.0,1906800,0.0,0.0
2016-03-28 00:00:00+09:00,283.0,300.0,276.0,289.0,2214000,0.0,0.0
2016-03-29 00:00:00+09:00,32.66669845581055,33.0,32.33330154418945,32.875,736012,0.0,0.0
2016-03-30 00:00:00+09:00,33.0,33.75,33.0,33.67499923706055,905983,0.0,0.0
2016-03-31 00:00:00+09:00,33.58330154418945,34.33330154418945,33.5,34.20830154418945,841022,0.0,0.0
2016-04-01 00:00:00+09:00,272.0,275.0,249.0,265.0,985600,0.0,0.0
2016-04-04 00:00:00+09:00,33.25,33.5,33.08330154418945,33.266700744628906,573836,0.0,0.0
2016-04-05 00:00:00+09:00,33.75,34.16669845581055,33.33330154418945,33.67499923706055,1660499,0.0,0.0
2016-04-06 00:00:00+09:00,235.0,246.0,231.0,233.0,576500,0.0,0.0
2016-04-07 00:00:00+09:00,35.0,35.5,34.91669845581055,35.43330001831055,827382,0.0,0.0
2016-04-08 00:00:00+09:00,237.0,285.0,237.0,280.0,878700,0.0,0.0
2016-04-11 00:00:00+09:00,36.08330154418945,36.08330154418945,35.58330154418945,35.71670150756836,416411,0.0,0.0
2016-04-12 00:00:00+09:00,35.83330154418945,36.16669845581055,35.66669845581055,35.78329849243164,634972,0.0,0.0
2016-04-13 00:00:00+09:00,35.91669845581055,35.91669845581055,35.66669845581055,35.724998474121094,565590,0.0,0.0
2016-04-14 00:00:00+09:00,35.75,35.83330154418945,35.41669845581055,35.75,440249,0.0,0.0
2016-04-15 00:00:00+09:00,275.0,315.0,270.0,301.0,2731800,0.0,0.0
2016-04-18 00:00:00+09:00,33.33330154418945,34.25,33.16669845581055,34.20830154418945,1092301,0.0,0.0
2016-04-19 00:00:00+09:00,34.83330154418945,35.75,34.83330154418945,35.59170150756836,1002119,0.0,0.0
2016-04-20 00:00:00+09:00,313.0,349.0,283.0,299.0,4688100,0.0,0.0
2016-04-21 00:00:00+09:00,36.5,37.16669845581055,36.5,36.79999923706055,782782,0.0,0.0
2016-04-22 00:00:00+09:00,305.0,307.0,292.0,296.0,718700,0.0,0.0
2016-04-25 00:00:00+09:00,38.16669845581055,38.25,37.0,38.150001525878906,1149662,0.0,0.0
2016-04-26 00:00:00+09:00,38.25,38.33330154418945,37.5,38.025001525878906,474836,0.0,0.0
2016-04-27 00:00:00+09:00,260.0,264.0,251.0,256.0,281700,0.0,0.0
2016-04-28 00:00:00+09:00,256.0,258.0,239.0,251.0,577100,0.0,0.0
2016-05-02 00:00:00+09:00,246.0,252.0,241.0,250.0,224900,0.0,0.0
2016-05-06 00:00:00+09:00,248.0,257.0,246.0,253.0,240200,0.0,0.0
2016-05-09 00:00:00+09:00,258.0,277.0,256.0,273.0,649400,0.0,0.0
2016-05-10 00:00:00+09:00,284.0,284.0,274.0,278.0,613800,0.0,0.0
2016-05-11 00:00:00+09:00,40.08330154418945,40.5,39.83330154418945,40.099998474121094,205658,0.0,0.0
2016-05-12 00:00:00+09:00,280.0,284.0,271.0,274.0,275800,0.0,0.0
2016-05-13 00:00:00+09:00,273.0,286.0,262.0,275.0,783700,0.0,0.0
2016-05-16 00:00:00+09:00,248.0,251.0,195.0,195.0,2731600,0.0,0.0
2016-05-17 00:00:00+09:00,195.0,205.0,191.0,199.0,1177300,0.0,0.0
2016-05-18 00:00:00+09:00,200.0,202.0,181.0,191.0,905900,0.0,0.0
2016-05-19 00:00:00+09:00,196.0,196.0,188.0,194.0,247000,0.0,0.0
2016-05-20 00:00:00+09:00,198.0,199.0,191.0,194.0,255000,0.0,0.0
2016-05-23 00:00:00+09:00,193.0,202.0,189.0,195.0,358400,0.0,0.0
2016-05-24 00:00:00+09:00,192.0,195.0,185.0,187.0,327300,0.0,0.0
2016-05-25 00:00:00+09:00,40.08330154418945,40.41669845581055,39.91669845581055,40.141700744628906,516068,0.0,0.0
2016-05-26 00:00:00+09:00,187.0,188.0,183.0,185.0,209000,0.0,0.0
2016-05-27 00:00:00+09:00,184.0,184.0,178.0,182.0,290000,0.0,0.0
2016-05-30 00:00:00+09:00,39.83330154418945,40.0,39.08330154418945,39.67499923706055,313012,0.0,0.0
2016-05-31 00:00:00+09:00,39.58330154418945,40.75,39.58330154418945,40.61669921875,520703,0.0,0.0
2016-06-01 00:00:00+09:00,186.0,190.0,183.0,185.0,127700,0.0,0.0
2016-06-02 00:00:00+09:00,185.0,188.0,178.0,178.0,338300,0.0,0.0
2016-06-03 00:00:00+09:00,179.0,182.0,175.0,178.0,382900,0.0,0.0
2016-06-06 00:00:00+09:00,40.75,40.75,40.16669845581055,40.391700744628906,218651,0.0,0.0
2016-06-07 00:00:00+09:00,178.0,196.0,178.0,184.0,491400,0.0,0.0
2016-06-08 00:00:00+09:00,180.0,183.0,178.0,181.0,188400,0.0,0.0
2016-06-09 00:00:00+09:00,178.0,185.0,178.0,181.0,154600,0.0,0.0
2016-06-10 00:00:00+09:00,181.0,182.0,178.0,179.0,109500,0.0,0.0
2016-06-13 00:00:00+09:00,179.0,180.0,173.0,173.0,252200,0.0,0.0
2016-06-14 00:00:00+09:00,39.58330154418945,40.08330154418945,39.41669845581055,40.04169845581055,244414,0.0,0.0
2016-06-15 00:00:00+09:00,39.83330154418945,40.0,39.66669845581055,39.724998474121094,302038,0.0,0.0
2016-06-16 00:00:00+09:00,39.75,39.75,39.5,39.58330154418945,184808,0.0,0.0
2016-06-17 00:00:00+09:00,153.0,154.0,147.0,152.0,190200,0.0,0.0
2016-06-20 00:00:00+09:00,39.75,39.75,39.5,39.57500076293945,152521,0.0,0.0
2016-06-21 00:00:00+09:00,39.58330154418945,39.58330154418945,39.33330154418945,39.349998474121094,179879,0.0,0.0
2016-06-22 00:00:00+09:00,155.0,159.0,152.0,153.0,111400,0.0,0.0
2016-06-23 00:00:00+09:00,150.0,156.0,150.0,155.0,286500,0.0,0.0
2016-06-24 00:00:00+09:00,154.0,157.0,126.0,140.0,668600,0.0,0.0
2016-06-27 00:00:00+09:00,139.0,148.0,139.0,145.0,279000,0.0,0.0
2016-06-28 00:00:00+09:00,39.41669845581055,39.58330154418945,39.41669845581055,39.58330154418945,257204,0.0,0.0
2016-06-29 00:00:00+09:00,144.0,149.0,141.0,145.0,320700,0.0,0.0
2016-06-30 00:00:00+09:00,39.58330154418945,39.58330154418945,39.41669845581055,39.5,770389,0.0,0.0
2016-07-01 00:00:00+09:00,154.0,158.0,152.0,157.0,84100,0.0,0.0
2016-07-04 00:00:00+09:00,39.5,39.5,39.5,39.5,0,0.0,0.0
2016-07-05 00:00:00+09:00,39.5,39.5,39.5,39.5,0,0.0,0.0
2016-07-06 00:00:00+09:00,153.0,154.0,148.0,151.0,151700,0.0,0.0
2016-07-07 00:00:00+09:00,39.58330154418945,39.58330154418945,39.41669845581055,39.5,770389,0.0,0.0
2016-07-08 00:00:00+09:00,147.0,150.0,145.0,148.0,84500,0.0,0.0
2016-07-11 00:00:00+09:00,39.58330154418945,40.08330154418945,39.41669845581055,39.5,642268,0.0,0.0
2016-07-12 00:00:00+09:00,152.0,154.0,149.0,150.0,104800,0.0,0.0
2016-07-13 00:00:00+09:00,39.58330154418945,39.58330154418945,39.41669845581055,39.41669845581055,353492,0.0,0.0
2016-07-14 00:00:00+09:00,39.5,39.5,38.83330154418945,38.91669845581055,424021,0.0,0.0
2016-07-15 00:00:00+09:00,148.0,151.0,147.0,148.0,135200,0.0,0.0
2016-07-19 00:00:00+09:00,39.33330154418945,39.33330154418945,39.08330154418945,39.25,106403,0.0,0.0
2016-07-20 00:00:00+09:00,39.41669845581055,39.41669845581055,39.25,39.33330154418945,151763,0.0,0.0
2016-07-21 00:00:00+09:00,39.33330154418945,39.5,38.91669845581055,39.25,394592,0.0,0.0
2016-07-22 00:00:00+09:00,141.0,147.0,140.0,146.0,230900,0.0,0.0
2016-07-25 00:00:00+09:00,38.58330154418945,38.58330154418945,38.08330154418945,38.33330154418945,307915,0.0,0.0
2016-07-26 00:00:00+09:00,38.25,38.33330154418945,37.08330154418945,37.08330154418945,496798,0.0,0.0
2016-07-27 00:00:00+09:00,228.0,249.0,203.0,249.0,4336200,0.0,0.0
2016-07-28 00:00:00+09:00,37.41669845581055,37.41669845581055,37.08330154418945,37.33330154418945,375376,0.0,0.0
2016-07-29 00:00:00+09:00,170.0,172.0,150.0,157.0,2348600,0.0,0.0
2016-08-01 00:00:00+09:00,36.900001525878906,37.20000076293945,36.70000076293945,37.099998474121094,240620,0.0,0.0
2016-08-02 00:00:00+09:00,149.0,159.0,147.0,151.0,989800,0.0,0.0
2016-08-03 00:00:00+09:00,151.0,152.0,145.0,145.0,807300,0.0,0.0
2016-08-04 00:00:00+09:00,146.0,147.0,142.0,145.0,437000,0.0,0.0
2016-08-05 00:00:00+09:00,145.0,148.0,142.0,143.0,225200,0.0,0.0
2016-08-08 00:00:00+09:00,144.0,149.0,143.0,145.0,260000,0.0,0.0
2016-08-09 00:00:00+09:00,146.0,153.0,145.0,152.0,389000,0.0,0.0
2016-08-10 00:00:00+09:00,154.0,162.0,152.0,157.0,660700,0.0,0.0
2016-08-12 00:00:00+09:00,157.0,165.0,153.0,163.0,343400,0.0,0.0
2016-08-15 00:00:00+09:00,177.0,182.0,167.0,168.0,1210600,0.0,0.0
2016-08-16 00:00:00+09:00,166.0,167.0,154.0,155.0,670700,0.0,0.0
2016-08-17 00:00:00+09:00,154.0,157.0,152.0,152.0,219900,0.0,0.0
2016-08-18 00:00:00+09:00,153.0,159.0,152.0,155.0,261900,0.0,0.0
2016-08-19 00:00:00+09:00,154.0,154.0,152.0,153.0,105600,0.0,0.0
2016-08-22 00:00:00+09:00,152.0,157.0,149.0,153.0,276300,0.0,0.0
2016-08-23 00:00:00+09:00,154.0,157.0,152.0,156.0,164700,0.0,0.0
2016-08-24 00:00:00+09:00,158.0,158.0,152.0,155.0,218300,0.0,0.0
2016-08-25 00:00:00+09:00,155.0,155.0,152.0,154.0,166300,0.0,0.0
2016-08-26 00:00:00+09:00,153.0,154.0,152.0,152.0,167200,0.0,0.0
2016-08-29 00:00:00+09:00,154.0,155.0,151.0,152.0,121700,0.0,0.0
2016-08-30 00:00:00+09:00,36.70000076293945,37.099998474121094,36.70000076293945,36.900001525878906,251310,0.0,0.0
2016-08-31 00:00:00+09:00,36.900001525878906,37.0,36.70000076293945,36.900001525878906,179946,0.0,0.0
2016-09-01 00:00:00+09:00,150.0,150.0,148.0,149.0,104800,0.0,0.0
2016-09-02 00:00:00+09:00,149.0,150.0,148.0,148.0,70800,0.0,0.0
2016-09-05 00:00:00+09:00,198.0,198.0,195.0,198.0,2322900,0.0,0.0
2016-09-06 00:00:00+09:00,210.0,233.0,173.0,181.0,17809800,0.0,0.0
2016-09-07 00:00:00+09:00,186.0,204.0,170.0,175.0,9239000,0.0,0.0
2016-09-08 00:00:00+09:00,37.599998474121094,38.0,37.599998474121094,37.900001525878906,214192,0.0,0.0
2016-09-09 00:00:00+09:00,168.0,175.0,164.0,172.0,1317000,0.0,0.0
2016-09-12 00:00:00+09:00,37.900001525878906,37.900001525878906,37.900001525878906,37.900001525878906,0,0.0,0.0
2016-09-13 00:00:00+09:00,169.0,169.0,164.0,164.0,649500,0.0,0.0
2016-09-14 00:00:00+09:00,163.0,164.0,158.0,158.0,489700,0.0,0.0
2016-09-15 00:00:00+09:00,37.599998474121094,38.0,37.599998474121094,37.900001525878906,214192,0.0,0.0
2016-09-16 00:00:00+09:00,156.0,166.0,156.0,162.0,609500,0.0,0.0
2016-09-20 00:00:00+09:00,160.0,161.0,158.0,159.0,308800,0.0,0.0
2016-09-21 00:00:00+09:00,157.0,160.0,154.0,156.0,461400,0.0,0.0
2016-09-23 00:00:00+09:00,155.0,160.0,155.0,158.0,420800,0.0,0.0
2016-09-26 00:00:00+09:00,156.0,157.0,153.0,157.0,310400,0.0,0.0
2016-09-27 00:00:00+09:00,38.0,38.20000076293945,37.0,37.099998474121094,554049,0.0,0.0
2016-09-28 00:00:00+09:00,37.0,37.0,35.70000076293945,36.5,1447580,0.0,0.0
2016-09-29 00:00:00+09:00,169.0,170.0,165.0,167.0,411700,0.0,0.0
2016-09-30 00:00:00+09:00,166.0,168.0,161.0,164.0,545100,0.0,0.0
2016-10-03 00:00:00+09:00,37.5,38.400001525878906,37.0,38.099998474121094,679194,0.0,0.0
2016-10-04 00:00:00+09:00,163.0,165.0,162.0,162.0,232100,0.0,0.0
2016-10-05 00:00:00+09:00,38.79999923706055,39.79999923706055,38.70000076293945,39.70000076293945,463810,0.0,0.0
2016-10-06 00:00:00+09:00,162.0,163.0,161.0,163.0,97200,0.0,0.0
2016-10-07 00:00:00+09:00,162.0,162.0,159.0,162.0,174400,0.0,0.0
2016-10-11 00:00:00+09:00,39.599998474121094,40.20000076293945,39.599998474121094,39.70000076293945,598987,0.0,0.0
2016-10-12 00:00:00+09:00,160.0,160.0,156.0,156.0,203400,0.0,0.0
2016-10-13 00:00:00+09:00,39.5,39.70000076293945,38.70000076293945,38.70000076293945,745539,0.0,0.0
2016-10-14 00:00:00+09:00,155.0,157.0,154.0,156.0,101700,0.0,0.0
2016-10-17 00:00:00+09:00,156.0,159.0,155.0,158.0,292700,0.0,0.0
2016-10-18 00:00:00+09:00,38.0,38.20000076293945,37.5,37.70000076293945,149535,0.0,0.0
2016-10-19 00:00:00+09:00,37.70000076293945,38.599998474121094,37.70000076293945,38.5,1099420,0.0,0.0
2016-10-20 00:00:00+09:00,38.5,38.79999923706055,38.29999923706055,38.70000076293945,547938,0.0,0.0
2016-10-21 00:00:00+09:00,160.0,162.0,158.0,158.0,114000,0.0,0.0
2016-10-24 00:00:00+09:00,158.0,160.0,158.0,160.0,118500,0.0,0.0
2016-10-25 00:00:00+09:00,159.0,159.0,156.0,156.0,153300,0.0,0.0
2016-10-26 00:00:00+09:00,156.0,157.0,155.0,156.0,123600,0.0,0.0
2016-10-27 00:00:00+09:00,155.0,165.0,154.0,157.0,1083400,0.0,0.0
2016-10-28 00:00:00+09:00,156.0,158.0,155.0,155.0,199200,0.0,0.0
2016-10-31 00:00:00+09:00,39.20000076293945,39.20000076293945,38.599998474121094,39.0,889847,0.0,0.0
2016-11-01 00:00:00+09:00,156.0,156.0,153.0,154.0,194400,0.0,0.0
2016-11-02 00:00:00+09:00,38.599998474121094,38.70000076293945,38.20000076293945,38.599998474121094,3045044,0.0,0.0
2016-11-04 00:00:00+09:00,148.0,149.0,144.0,147.0,256100,0.0,0.0
2016-11-07 00:00:00+09:00,39.20000076293945,40.20000076293945,39.20000076293945,40.20000076293945,383062,0.0,0.0
2016-11-08 00:00:00+09:00,40.20000076293945,41.29999923706055,40.20000076293945,41.20000076293945,3606387,0.0,0.0
2016-11-09 00:00:00+09:00,40.0,41.29999923706055,39.400001525878906,40.79999923706055,534164,0.0,0.0
2016-11-10 00:00:00+09:00,41.5,42.099998474121094,41.20000076293945,42.0,1490604,0.0,0.0
2016-11-11 00:00:00+09:00,141.0,142.0,139.0,139.0,85800,0.0,0.0
2016-11-14 00:00:00+09:00,139.0,146.0,138.0,144.0,171800,0.0,0.0
2016-11-15 00:00:00+09:00,158.0,169.0,150.0,151.0,1859500,0.0,0.0
2016-11-16 00:00:00+09:00,165.0,172.0,153.0,154.0,2661600,0.0,0.0
2016-11-17 00:00:00+09:00,157.0,157.0,152.0,154.0,341800,0.0,0.0
2016-11-18 00:00:00+09:00,154.0,157.0,154.0,154.0,141800,0.0,0.0
2016-11-21 00:00:00+09:00,155.0,160.0,154.0,158.0,212800,0.0,0.0
2016-11-22 00:00:00+09:00,159.0,159.0,156.0,157.0,102200,0.0,0.0
2016-11-24 00:00:00+09:00,156.0,156.0,153.0,155.0,214100,0.0,0.0
2016-11-25 00:00:00+09:00,155.0,157.0,154.0,154.0,97500,0.0,0.0
2016-11-28 00:00:00+09:00,154.0,154.0,149.0,153.0,195000,0.0,0.0
2016-11-29 00:00:00+09:00,43.0,43.0,41.79999923706055,42.0,583744,0.0,0.0
2016-11-30 00:00:00+09:00,156.0,157.0,153.0,154.0,118000,0.0,0.0
2016-12-01 00:00:00+09:00,154.0,156.0,153.0,153.0,107000,0.0,0.0
2016-12-02 00:00:00+09:00,153.0,154.0,151.0,152.0,126500,0.0,0.0
2016-12-05 00:00:00+09:00,152.0,154.0,151.0,151.0,66300,0.0,0.0
2016-12-06 00:00:00+09:00,44.29999923706055,45.0,44.0,44.29999923706055,614374,0.0,0.0
2016-12-07 00:00:00+09:00,44.20000076293945,44.29999923706055,43.900001525878906,44.0,257269,0.0,0.0
2016-12-08 00:00:00+09:00,43.900001525878906,43.900001525878906,43.5,43.79999923706055,328947,0.0,0.0
2016-12-09 00:00:00+09:00,154.0,155.0,152.0,152.0,217400,0.0,0.0
2016-12-12 00:00:00+09:00,45.099998474121094,45.5,44.5,44.599998474121094,683930,0.0,0.0
2016-12-13 00:00:00+09:00,44.5,44.5,43.79999923706055,44.0,291317,0.0,0.0
2016-12-14 00:00:00+09:00,152.0,164.0,152.0,156.0,758900,0.0,0.0
2016-12-15 00:00:00+09:00,43.29999923706055,44.0,43.20000076293945,44.0,221279,0.0,0.0
2016-12-16 00:00:00+09:00,162.0,190.0,162.0,178.0,7533000,0.0,0.0
2016-12-19 00:00:00+09:00,178.0,179.0,166.0,170.0,1287300,0.0,0.0
2016-12-20 00:00:00+09:00,44.599998474121094,44.79999923706055,44.20000076293945,44.599998474121094,276251,0.0,0.0
2016-12-21 00:00:00+09:00,44.29999923706055,44.900001525878906,44.20000076293945,44.20000076293945,252356,0.0,0.0
2016-12-22 00:00:00+09:00,161.0,162.0,157.0,159.0,308900,0.0,0.0
2016-12-26 00:00:00+09:00,159.0,164.0,159.0,161.0,252500,0.0,0.0
2016-12-27 00:00:00+09:00,163.0,163.0,160.0,162.0,270100,0.0,0.0
2016-12-28 00:00:00+09:00,162.0,165.0,160.0,164.0,311000,0.0,0.0
2016-12-29 00:00:00+09:00,45.900001525878906,46.20000076293945,45.79999923706055,46.0,377319,0.0,0.0
2016-12-30 00:00:00+09:00,167.0,173.0,163.0,172.0,501100,0.0,0.0
2017-01-04 00:00:00+09:00,47.79999923706055,48.20000076293945,47.099998474121094,47.599998474121094,1257760,0.0,0.0
2017-01-05 00:00:00+09:00,47.400001525878906,47.400001525878906,46.70000076293945,46.70000076293945,514186,0.0,0.0
2017-01-06 00:00:00+09:00,178.0,182.0,172.0,175.0,574200,0.0,0.0
2017-01-10 00:00:00+09:00,44.20000076293945,44.400001525878906,43.79999923706055,43.900001525878906,351934,0.0,0.0
2017-01-11 00:00:00+09:00,44.0,44.29999923706055,43.70000076293945,43.79999923706055,520785,0.0,0.0
2017-01-12 00:00:00+09:00,173.0,174.0,171.0,171.0,142000,0.0,0.0
2017-01-13 00:00:00+09:00,173.0,178.0,172.0,173.0,494800,0.0,0.0
2017-01-16 00:00:00+09:00,44.0,44.29999923706055,43.29999923706055,43.79999923706055,284611,0.0,0.0
2017-01-17 00:00:00+09:00,174.0,175.0,171.0,172.0,217800,0.0,0.0
2017-01-18 00:00:00+09:00,44.79999923706055,45.0,44.099998474121094,44.70000076293945,260797,0.0,0.0
2017-01-19 00:00:00+09:00,44.70000076293945,44.70000076293945,43.79999923706055,44.0,336369,0.0,0.0
2017-01-20 00:00:00+09:00,188.0,207.0,184.0,205.0,3936300,0.0,0.0
2017-01-23 00:00:00+09:00,45.5,46.20000076293945,45.29999923706055,46.099998474121094,261053,0.0,0.0
2017-01-24 00:00:00+09:00,46.0,47.29999923706055,46.0,46.900001525878906,721617,0.0,0.0
2017-01-25 00:00:00+09:00,47.0,47.400001525878906,46.79999923706055,47.099998474121094,618212,0.0,0.0
2017-01-26 00:00:00+09:00,47.0,47.099998474121094,46.599998474121094,47.0,524922,0.0,0.0
2017-01-27 00:00:00+09:00,235.0,273.0,234.0,265.0,10545400,0.0,0.0
2017-01-30 00:00:00+09:00,46.5,46.900001525878906,46.5,46.599998474121094,135846,0.0,0.0
2017-01-31 00:00:00+09:00,46.5,46.599998474121094,46.0,46.5,297214,0.0,0.0
2017-02-01 00:00:00+09:00,46.400001525878906,47.20000076293945,46.400001525878906,47.20000076293945,405936,0.0,0.0
2017-02-02 00:00:00+09:00,47.20000076293945,47.20000076293945,46.79999923706055,47.0,236443,0.0,0.0
2017-02-03 00:00:00+09:00,222.0,224.0,215.0,215.0,615100,0.0,0.0
2017-02-06 00:00:00+09:00,46.5,46.79999923706055,46.0,46.29999923706055,360901,0.0,0.0
2017-02-07 00:00:00+09:00,46.29999923706055,46.400001525878906,46.0,46.20000076293945,215561,0.0,0.0
2017-02-08 00:00:00+09:00,46.0,46.0,45.0,45.099998474121094,465365,0.0,0.0
2017-02-09 00:00:00+09:00,45.29999923706055,45.29999923706055,44.29999923706055,44.79999923706055,523436,0.0,0.0
2017-02-10 00:00:00+09:00,250.0,275.0,246.0,247.0,5612500,0.0,0.0
2017-02-13 00:00:00+09:00,44.70000076293945,44.900001525878906,44.400001525878906,44.70000076293945,268250,0.0,0.0
2017-02-14 00:00:00+09:00,44.599998474121094,44.70000076293945,44.400001525878906,44.400001525878906,300101,0.0,0.0
2017-02-15 00:00:00+09:00,44.400001525878906,44.900001525878906,44.29999923706055,44.79999923706055,374719,0.0,0.0
2017-02-16 00:00:00+09:00,44.900001525878906,45.29999923706055,44.79999923706055,45.29999923706055,353420,0.0,0.0
2017-02-17 00:00:00+09:00,237.0,248.0,232.0,243.0,1148600,0.0,0.0
2017-02-20 00:00:00+09:00,45.5,45.5,45.0,45.20000076293945,328527,0.0,0.0
2017-02-21 00:00:00+09:00,256.0,259.0,248.0,249.0,991600,0.0,0.0
2017-02-22 00:00:00+09:00,250.0,255.0,247.0,252.0,827300,0.0,0.0
2017-02-23 00:00:00+09:00,252.0,267.0,251.0,255.0,2901000,0.0,0.0
2017-02-24 00:00:00+09:00,255.0,259.0,251.0,253.0,697200,0.0,0.0
2017-02-27 00:00:00+09:00,252.0,253.0,237.0,245.0,739400,0.0,0.0
2017-02-28 00:00:00+09:00,244.0,248.0,241.0,246.0,393600,0.0,0.0
2017-03-01 00:00:00+09:00,246.0,248.0,241.0,245.0,399000,0.0,0.0
2017-03-02 00:00:00+09:00,45.79999923706055,46.70000076293945,45.70000076293945,46.29999923706055,235872,0.0,0.0
2017-03-03 00:00:00+09:00,243.0,246.0,241.0,243.0,340700,0.0,0.0
2017-03-06 00:00:00+09:00,240.0,243.0,237.0,237.0,562800,0.0,0.0
2017-03-07 00:00:00+09:00,237.0,242.0,237.0,239.0,216700,0.0,0.0
2017-03-08 00:00:00+09:00,239.0,240.0,233.0,233.0,368400,0.0,0.0
2017-03-09 00:00:00+09:00,234.0,237.0,231.0,232.0,235100,0.0,0.0
2017-03-10 00:00:00+09:00,232.0,236.0,231.0,233.0,197300,0.0,0.0
2017-03-13 00:00:00+09:00,231.0,233.0,224.0,224.0,276400,0.0,0.0
2017-03-14 00:00:00+09:00,219.0,221.0,210.0,218.0,986200,0.0,0.0
2017-03-15 00:00:00+09:00,224.0,224.0,214.0,214.0,301700,0.0,0.0
2017-03-16 00:00:00+09:00,213.0,220.0,212.0,220.0,219900,0.0,0.0
2017-03-17 00:00:00+09:00,219.0,221.0,215.0,218.0,173500,0.0,0.0
2017-03-21 00:00:00+09:00,217.0,227.0,215.0,227.0,228200,0.0,0.0
2017-03-22 00:00:00+09:00,221.0,225.0,218.0,223.0,196100,0.0,0.0
2017-03-23 00:00:00+09:00,221.0,239.0,220.0,239.0,699300,0.0,0.0
2017-03-24 00:00:00+09:00,239.0,240.0,233.0,239.0,444800,0.0,0.0
2017-03-27 00:00:00+09:00,249.0,256.0,234.0,238.0,962900,0.0,0.0
2017-03-28 00:00:00+09:00,240.0,245.0,232.0,233.0,316200,0.0,0.0
2017-03-29 00:00:00+09:00,232.0,240.0,232.0,240.0,160700,0.0,0.0
2017-03-30 00:00:00+09:00,242.0,243.0,234.0,242.0,275900,0.0,0.0
2017-03-31 00:00:00+09:00,234.0,239.0,225.0,225.0,661200,0.0,0.0
2017-04-03 00:00:00+09:00,227.0,229.0,219.0,220.0,306200,0.0,0.0
2017-04-04 00:00:00+09:00,219.0,227.0,204.0,212.0,521500,0.0,0.0
2017-04-05 00:00:00+09:00,213.0,219.0,210.0,215.0,237900,0.0,0.0
2017-04-06 00:00:00+09:00,215.0,217.0,200.0,207.0,337000,0.0,0.0
2017-04-07 00:00:00+09:00,204.0,209.0,199.0,208.0,368300,0.0,0.0
2017-04-10 00:00:00+09:00,206.0,209.0,202.0,205.0,88400,0.0,0.0
2017-04-11 00:00:00+09:00,203.0,208.0,203.0,205.0,118800,0.0,0.0
2017-04-12 00:00:00+09:00,204.0,204.0,187.0,193.0,416300,0.0,0.0
2017-04-13 00:00:00+09:00,188.0,200.0,182.0,194.0,517900,0.0,0.0
2017-04-14 00:00:00+09:00,190.0,199.0,190.0,193.0,76900,0.0,0.0
2017-04-17 00:00:00+09:00,189.0,198.0,188.0,197.0,234100,0.0,0.0
2017-04-18 00:00:00+09:00,200.0,205.0,195.0,198.0,155500,0.0,0.0
2017-04-19 00:00:00+09:00,203.0,207.0,196.0,201.0,316700,0.0,0.0
2017-04-20 00:00:00+09:00,201.0,205.0,198.0,201.0,171900,0.0,0.0
2017-04-21 00:00:00+09:00,201.0,204.0,196.0,196.0,155600,0.0,0.0
2017-04-24 00:00:00+09:00,201.0,240.0,199.0,205.0,4367200,0.0,0.0
2017-04-25 00:00:00+09:00,212.0,270.0,208.0,244.0,24952700,0.0,0.0
2017-04-26 00:00:00+09:00,260.0,263.0,232.0,238.0,9094300,0.0,0.0
2017-04-27 00:00:00+09:00,234.0,249.0,232.0,238.0,2969100,0.0,0.0
2017-04-28 00:00:00+09:00,238.0,242.0,224.0,226.0,2106000,0.0,0.0
2017-05-01 00:00:00+09:00,227.0,228.0,218.0,218.0,1049300,0.0,0.0
2017-05-02 00:00:00+09:00,220.0,222.0,217.0,218.0,633600,0.0,0.0
2017-05-08 00:00:00+09:00,217.0,228.0,212.0,223.0,1076600,0.0,0.0
2017-05-09 00:00:00+09:00,224.0,232.0,220.0,228.0,937600,0.0,0.0
2017-05-10 00:00:00+09:00,229.0,229.0,220.0,221.0,768100,0.0,0.0
2017-05-11 00:00:00+09:00,223.0,225.0,217.0,219.0,388400,0.0,0.0
2017-05-12 00:00:00+09:00,217.0,221.0,216.0,220.0,414500,0.0,0.0
2017-05-15 00:00:00+09:00,218.0,226.0,214.0,225.0,465100,0.0,0.0
2017-05-16 00:00:00+09:00,225.0,225.0,220.0,223.0,420500,0.0,0.0
2017-05-17 00:00:00+09:00,231.0,236.0,227.0,231.0,1383300,0.0,0.0
2017-05-18 00:00:00+09:00,239.0,246.0,231.0,236.0,3061600,0.0,0.0
2017-05-19 00:00:00+09:00,238.0,239.0,231.0,232.0,449200,0.0,0.0
2017-05-22 00:00:00+09:00,233.0,235.0,228.0,232.0,565100,0.0,0.0
2017-05-23 00:00:00+09:00,229.0,237.0,226.0,236.0,681900,0.0,0.0
2017-05-24 00:00:00+09:00,236.0,247.0,234.0,245.0,1290400,0.0,0.0
2017-05-25 00:00:00+09:00,249.0,250.0,241.0,242.0,1464400,0.0,0.0
2017-05-26 00:00:00+09:00,244.0,245.0,239.0,240.0,504000,0.0,0.0
2017-05-29 00:00:00+09:00,239.0,240.0,233.0,233.0,498600,0.0,0.0
2017-05-30 00:00:00+09:00,234.0,234.0,229.0,231.0,324100,0.0,0.0
2017-05-31 00:00:00+09:00,232.0,250.0,231.0,250.0,1887200,0.0,0.0
2017-06-01 00:00:00+09:00,250.0,254.0,243.0,246.0,1369000,0.0,0.0
2017-06-02 00:00:00+09:00,244.0,246.0,238.0,239.0,548800,0.0,0.0
2017-06-05 00:00:00+09:00,242.0,245.0,241.0,242.0,472000,0.0,0.0
2017-06-06 00:00:00+09:00,240.0,240.0,230.0,231.0,759900,0.0,0.0
2017-06-07 00:00:00+09:00,229.0,234.0,225.0,232.0,396600,0.0,0.0
2017-06-08 00:00:00+09:00,234.0,246.0,232.0,233.0,1938200,0.0,0.0
2017-06-09 00:00:00+09:00,232.0,237.0,230.0,233.0,464400,0.0,0.0
2017-06-12 00:00:00+09:00,232.0,243.0,230.0,241.0,855600,0.0,0.0
2017-06-13 00:00:00+09:00,242.0,248.0,236.0,246.0,1200700,0.0,0.0
2017-06-14 00:00:00+09:00,248.0,252.0,242.0,246.0,1262600,0.0,0.0
2017-06-15 00:00:00+09:00,247.0,247.0,240.0,240.0,535300,0.0,0.0
2017-06-16 00:00:00+09:00,240.0,248.0,239.0,244.0,614400,0.0,0.0
2017-06-19 00:00:00+09:00,249.0,262.0,246.0,261.0,2484900,0.0,0.0
2017-06-20 00:00:00+09:00,264.0,267.0,249.0,253.0,1822800,0.0,0.0
2017-06-21 00:00:00+09:00,248.0,253.0,246.0,253.0,598700,0.0,0.0
2017-06-22 00:00:00+09:00,254.0,264.0,248.0,264.0,1413200,0.0,0.0
2017-06-23 00:00:00+09:00,269.0,337.0,265.0,316.0,30782100,0.0,0.0
2017-06-26 00:00:00+09:00,317.0,396.0,305.0,396.0,20324000,0.0,0.0
2017-06-27 00:00:00+09:00,410.0,462.0,367.0,378.0,27266500,0.0,0.0
2017-06-28 00:00:00+09:00,370.0,393.0,343.0,354.0,7127500,0.0,0.0
2017-06-29 00:00:00+09:00,348.0,374.0,333.0,342.0,9844800,0.0,0.0
2017-06-30 00:00:00+09:00,338.0,355.0,330.0,348.0,3663900,0.0,0.0
2017-07-03 00:00:00+09:00,360.0,387.0,353.0,357.0,5840800,0.0,0.0
2017-07-04 00:00:00+09:00,377.0,379.0,330.0,341.0,4623800,0.0,0.0
2017-07-05 00:00:00+09:00,345.0,363.0,334.0,363.0,2269800,0.0,0.0
2017-07-06 00:00:00+09:00,353.0,432.0,347.0,418.0,19049900,0.0,0.0
2017-07-07 00:00:00+09:00,402.0,418.0,381.0,409.0,6895100,0.0,0.0
2017-07-10 00:00:00+09:00,420.0,424.0,396.0,409.0,3647800,0.0,0.0
2017-07-11 00:00:00+09:00,406.0,408.0,371.0,382.0,3826000,0.0,0.0
2017-07-12 00:00:00+09:00,382.0,394.0,365.0,388.0,2000300,0.0,0.0
2017-07-13 00:00:00+09:00,383.0,395.0,372.0,395.0,1624800,0.0,0.0
2017-07-14 00:00:00+09:00,394.0,420.0,384.0,389.0,3550400,0.0,0.0
2017-07-17 00:00:00+09:00,389.0,389.0,389.0,389.0,0,0.0,0.0
2017-07-18 00:00:00+09:00,384.0,408.0,378.0,403.0,1835600,0.0,0.0
2017-07-19 00:00:00+09:00,401.0,445.0,398.0,438.0,6914100,0.0,0.0
2017-07-20 00:00:00+09:00,425.0,430.0,407.0,409.0,3083100,0.0,0.0
2017-07-21 00:00:00+09:00,414.0,416.0,390.0,390.0,1686000,0.0,0.0
2017-07-24 00:00:00+09:00,400.0,408.0,394.0,400.0,1361900,0.0,0.0
2017-07-25 00:00:00+09:00,403.0,408.0,394.0,405.0,1254600,0.0,0.0
2017-07-26 00:00:00+09:00,404.0,413.0,398.0,413.0,1338700,0.0,0.0
2017-07-27 00:00:00+09:00,420.0,433.0,403.0,409.0,3253400,0.0,0.0
2017-07-28 00:00:00+09:00,408.0,418.0,366.0,370.0,3776600,0.0,0.0
2017-07-31 00:00:00+09:00,358.0,376.0,338.0,365.0,2306800,0.0,0.0
2017-08-01 00:00:00+09:00,353.0,359.0,330.0,335.0,1674000,0.0,0.0
2017-08-02 00:00:00+09:00,337.0,356.0,336.0,351.0,971400,0.0,0.0
2017-08-03 00:00:00+09:00,349.0,356.0,320.0,326.0,1455200,0.0,0.0
2017-08-04 00:00:00+09:00,322.0,333.0,316.0,326.0,728700,0.0,0.0
2017-08-07 00:00:00+09:00,328.0,331.0,316.0,317.0,713200,0.0,0.0
2017-08-08 00:00:00+09:00,316.0,336.0,316.0,327.0,879000,0.0,0.0
2017-08-09 00:00:00+09:00,318.0,323.0,306.0,314.0,1026300,0.0,0.0
2017-08-10 00:00:00+09:00,318.0,321.0,302.0,304.0,734700,0.0,0.0
2017-08-11 00:00:00+09:00,304.0,304.0,304.0,304.0,0,0.0,0.0
2017-08-14 00:00:00+09:00,296.0,318.0,288.0,314.0,943500,0.0,0.0
2017-08-15 00:00:00+09:00,302.0,318.0,302.0,314.0,770800,0.0,0.0
2017-08-16 00:00:00+09:00,349.0,355.0,318.0,320.0,4319900,0.0,0.0
2017-08-17 00:00:00+09:00,321.0,331.0,321.0,324.0,808800,0.0,0.0
2017-08-18 00:00:00+09:00,317.0,328.0,314.0,320.0,570400,0.0,0.0
2017-08-21 00:00:00+09:00,322.0,344.0,317.0,338.0,987000,0.0,0.0
2017-08-22 00:00:00+09:00,342.0,347.0,328.0,330.0,695700,0.0,0.0
2017-08-23 00:00:00+09:00,338.0,349.0,333.0,340.0,928000,0.0,0.0
2017-08-24 00:00:00+09:00,338.0,354.0,334.0,350.0,897000,0.0,0.0
2017-08-25 00:00:00+09:00,362.0,381.0,356.0,361.0,2863600,0.0,0.0
2017-08-28 00:00:00+09:00,373.0,397.0,368.0,395.0,2879700,0.0,0.0
2017-08-29 00:00:00+09:00,385.0,390.0,376.0,385.0,1796900,0.0,0.0
2017-08-30 00:00:00+09:00,391.0,392.0,361.0,362.0,1580900,0.0,0.0
2017-08-31 00:00:00+09:00,362.0,372.0,356.0,371.0,915500,0.0,0.0
2017-09-01 00:00:00+09:00,367.0,371.0,350.0,353.0,969600,0.0,0.0
2017-09-04 00:00:00+09:00,357.0,357.0,327.0,329.0,1330900,0.0,0.0
2017-09-05 00:00:00+09:00,329.0,333.0,307.0,312.0,1352100,0.0,0.0
2017-09-06 00:00:00+09:00,300.0,326.0,295.0,316.0,974400,0.0,0.0
2017-09-07 00:00:00+09:00,330.0,338.0,320.0,322.0,1197200,0.0,0.0
2017-09-08 00:00:00+09:00,326.0,335.0,319.0,323.0,1010200,0.0,0.0
2017-09-11 00:00:00+09:00,330.0,353.0,326.0,338.0,1562200,0.0,0.0
2017-09-12 00:00:00+09:00,338.0,352.0,337.0,352.0,1131900,0.0,0.0
2017-09-13 00:00:00+09:00,352.0,362.0,346.0,348.0,1115600,0.0,0.0
2017-09-14 00:00:00+09:00,345.0,347.0,332.0,336.0,763400,0.0,0.0
2017-09-15 00:00:00+09:00,332.0,343.0,325.0,340.0,685100,0.0,0.0
2017-09-18 00:00:00+09:00,340.0,340.0,340.0,340.0,0,0.0,0.0
2017-09-19 00:00:00+09:00,344.0,348.0,338.0,341.0,534100,0.0,0.0
2017-09-20 00:00:00+09:00,338.0,339.0,327.0,330.0,659200,0.0,0.0
2017-09-21 00:00:00+09:00,330.0,341.0,328.0,331.0,553000,0.0,0.0
2017-09-22 00:00:00+09:00,332.0,336.0,317.0,321.0,606600,0.0,0.0
2017-09-25 00:00:00+09:00,319.0,328.0,318.0,321.0,343600,0.0,0.0
2017-09-26 00:00:00+09:00,318.0,321.0,306.0,312.0,522500,0.0,0.0
2017-09-27 00:00:00+09:00,310.0,322.0,309.0,317.0,377000,0.0,0.0
2017-09-28 00:00:00+09:00,321.0,326.0,315.0,318.0,350300,0.0,0.0
2017-09-29 00:00:00+09:00,320.0,320.0,312.0,314.0,416800,0.0,0.0
2017-10-02 00:00:00+09:00,316.0,326.0,313.0,323.0,497000,0.0,0.0
2017-10-03 00:00:00+09:00,325.0,327.0,316.0,316.0,441100,0.0,0.0
2017-10-04 00:00:00+09:00,318.0,318.0,311.0,311.0,363800,0.0,0.0
2017-10-05 00:00:00+09:00,312.0,315.0,303.0,306.0,464100,0.0,0.0
2017-10-06 00:00:00+09:00,304.0,307.0,297.0,298.0,607100,0.0,0.0
2017-10-09 00:00:00+09:00,298.0,298.0,298.0,298.0,0,0.0,0.0
2017-10-10 00:00:00+09:00,298.0,307.0,298.0,307.0,345400,0.0,0.0
2017-10-11 00:00:00+09:00,307.0,308.0,301.0,304.0,333100,0.0,0.0
2017-10-12 00:00:00+09:00,303.0,316.0,303.0,315.0,644700,0.0,0.0
2017-10-13 00:00:00+09:00,314.0,314.0,302.0,305.0,570100,0.0,0.0
2017-10-16 00:00:00+09:00,305.0,307.0,302.0,302.0,221800,0.0,0.0
2017-10-17 00:00:00+09:00,303.0,311.0,302.0,302.0,227400,0.0,0.0
2017-10-18 00:00:00+09:00,305.0,308.0,301.0,303.0,267900,0.0,0.0
2017-10-19 00:00:00+09:00,303.0,305.0,299.0,299.0,306400,0.0,0.0
2017-10-20 00:00:00+09:00,299.0,300.0,288.0,291.0,586500,0.0,0.0
2017-10-23 00:00:00+09:00,291.0,297.0,290.0,293.0,475500,0.0,0.0
2017-10-24 00:00:00+09:00,291.0,300.0,285.0,297.0,676600,0.0,0.0
2017-10-25 00:00:00+09:00,296.0,299.0,289.0,290.0,292800,0.0,0.0
2017-10-26 00:00:00+09:00,293.0,296.0,288.0,288.0,205900,0.0,0.0
2017-10-27 00:00:00+09:00,287.0,297.0,284.0,296.0,498200,0.0,0.0
2017-10-30 00:00:00+09:00,304.0,313.0,301.0,312.0,917100,0.0,0.0
2017-10-31 00:00:00+09:00,314.0,325.0,309.0,320.0,801800,0.0,0.0
2017-11-01 00:00:00+09:00,324.0,325.0,313.0,313.0,350600,0.0,0.0
2017-11-02 00:00:00+09:00,313.0,315.0,308.0,310.0,215000,0.0,0.0
2017-11-03 00:00:00+09:00,310.0,310.0,310.0,310.0,0,0.0,0.0
2017-11-06 00:00:00+09:00,310.0,312.0,304.0,307.0,225600,0.0,0.0
2017-11-07 00:00:00+09:00,305.0,308.0,301.0,302.0,216200,0.0,0.0
2017-11-08 00:00:00+09:00,304.0,313.0,302.0,311.0,371900,0.0,0.0
2017-11-09 00:00:00+09:00,310.0,314.0,301.0,304.0,293800,0.0,0.0
2017-11-10 00:00:00+09:00,303.0,308.0,296.0,298.0,409700,0.0,0.0
2017-11-13 00:00:00+09:00,295.0,295.0,282.0,282.0,706400,0.0,0.0
2017-11-14 00:00:00+09:00,281.0,284.0,274.0,280.0,620900,0.0,0.0
2017-11-15 00:00:00+09:00,250.0,261.0,243.0,247.0,1362100,0.0,0.0
2017-11-16 00:00:00+09:00,254.0,261.0,252.0,261.0,501800,0.0,0.0
2017-11-17 00:00:00+09:00,260.0,266.0,259.0,262.0,305600,0.0,0.0
2017-11-20 00:00:00+09:00,262.0,265.0,259.0,260.0,203500,0.0,0.0
2017-11-21 00:00:00+09:00,262.0,273.0,260.0,269.0,325000,0.0,0.0
2017-11-22 00:00:00+09:00,268.0,274.0,264.0,266.0,344300,0.0,0.0
2017-11-23 00:00:00+09:00,266.0,266.0,266.0,266.0,0,0.0,0.0
2017-11-24 00:00:00+09:00,266.0,270.0,264.0,267.0,176800,0.0,0.0
2017-11-27 00:00:00+09:00,266.0,268.0,250.0,260.0,497500,0.0,0.0
2017-11-28 00:00:00+09:00,258.0,261.0,253.0,258.0,183700,0.0,0.0
2017-11-29 00:00:00+09:00,257.0,260.0,255.0,258.0,256200,0.0,0.0
2017-11-30 00:00:00+09:00,257.0,258.0,251.0,255.0,285800,0.0,0.0
2017-12-01 00:00:00+09:00,252.0,255.0,251.0,251.0,310800,0.0,0.0
2017-12-04 00:00:00+09:00,251.0,270.0,248.0,258.0,883600,0.0,0.0
2017-12-05 00:00:00+09:00,254.0,256.0,247.0,247.0,449300,0.0,0.0
2017-12-06 00:00:00+09:00,246.0,250.0,235.0,238.0,419900,0.0,0.0
2017-12-07 00:00:00+09:00,246.0,253.0,242.0,244.0,394000,0.0,0.0
2017-12-08 00:00:00+09:00,245.0,254.0,243.0,252.0,449200,0.0,0.0
2017-12-11 00:00:00+09:00,255.0,262.0,255.0,260.0,451300,0.0,0.0
2017-12-12 00:00:00+09:00,261.0,267.0,260.0,263.0,286500,0.0,0.0
2017-12-13 00:00:00+09:00,263.0,270.0,257.0,269.0,419200,0.0,0.0
2017-12-14 00:00:00+09:00,309.0,348.0,308.0,332.0,21654100,0.0,0.0
2017-12-15 00:00:00+09:00,325.0,326.0,299.0,303.0,4458400,0.0,0.0
2017-12-18 00:00:00+09:00,304.0,324.0,290.0,294.0,2371600,0.0,0.0
2017-12-19 00:00:00+09:00,294.0,322.0,288.0,322.0,2047200,0.0,0.0
2017-12-20 00:00:00+09:00,316.0,328.0,313.0,317.0,1364900,0.0,0.0
2017-12-21 00:00:00+09:00,319.0,338.0,310.0,335.0,2203600,0.0,0.0
2017-12-22 00:00:00+09:00,335.0,340.0,322.0,327.0,1222600,0.0,0.0
2017-12-25 00:00:00+09:00,323.0,323.0,304.0,304.0,1175600,0.0,0.0
2017-12-26 00:00:00+09:00,304.0,310.0,300.0,302.0,814100,0.0,0.0
2017-12-27 00:00:00+09:00,318.0,327.0,307.0,310.0,2149700,0.0,0.0
2017-12-28 00:00:00+09:00,311.0,312.0,301.0,301.0,787900,0.0,0.0
2017-12-29 00:00:00+09:00,298.0,305.0,295.0,297.0,614200,0.0,0.0
2018-01-01 00:00:00+09:00,297.0,297.0,297.0,297.0,0,0.0,0.0
2018-01-02 00:00:00+09:00,297.0,297.0,297.0,297.0,0,0.0,0.0
2018-01-03 00:00:00+09:00,297.0,297.0,297.0,297.0,0,0.0,0.0
2018-01-04 00:00:00+09:00,300.0,300.0,293.0,295.0,435400,0.0,0.0
2018-01-05 00:00:00+09:00,291.0,300.0,288.0,298.0,767400,0.0,0.0
2018-01-08 00:00:00+09:00,298.0,298.0,298.0,298.0,0,0.0,0.0
2018-01-09 00:00:00+09:00,313.0,313.0,302.0,304.0,823500,0.0,0.0
2018-01-10 00:00:00+09:00,309.0,315.0,303.0,307.0,969700,0.0,0.0
2018-01-11 00:00:00+09:00,301.0,312.0,301.0,305.0,668700,0.0,0.0
2018-01-12 00:00:00+09:00,309.0,310.0,302.0,303.0,515600,0.0,0.0
2018-01-15 00:00:00+09:00,304.0,307.0,299.0,300.0,671800,0.0,0.0
2018-01-16 00:00:00+09:00,300.0,302.0,296.0,299.0,440300,0.0,0.0
2018-01-17 00:00:00+09:00,306.0,307.0,298.0,300.0,738800,0.0,0.0
2018-01-18 00:00:00+09:00,305.0,321.0,303.0,305.0,2242800,0.0,0.0
2018-01-19 00:00:00+09:00,303.0,307.0,298.0,298.0,735300,0.0,0.0
2018-01-22 00:00:00+09:00,299.0,316.0,298.0,315.0,1008500,0.0,0.0
2018-01-23 00:00:00+09:00,315.0,366.0,314.0,350.0,8372300,0.0,0.0
2018-01-24 00:00:00+09:00,343.0,362.0,339.0,356.0,4099600,0.0,0.0
2018-01-25 00:00:00+09:00,349.0,370.0,349.0,368.0,4347800,0.0,0.0
2018-01-26 00:00:00+09:00,370.0,378.0,361.0,368.0,3104500,0.0,0.0
2018-01-29 00:00:00+09:00,370.0,371.0,351.0,357.0,2416500,0.0,0.0
2018-01-30 00:00:00+09:00,349.0,355.0,334.0,351.0,3082500,0.0,0.0
2018-01-31 00:00:00+09:00,345.0,356.0,342.0,351.0,933500,0.0,0.0
2019-01-22 00:00:00+09:00,189.0,191.0,179.0,179.0,594700,0.0,0.0
2019-01-23 00:00:00+09:00,177.0,181.0,174.0,177.0,225700,0.0,0.0
2019-01-24 00:00:00+09:00,176.0,181.0,175.0,181.0,223800,0.0,0.0
2019-01-25 00:00:00+09:00,179.0,184.0,179.0,183.0,169100,0.0,0.0
2019-01-28 00:00:00+09:00,183.0,184.0,180.0,182.0,136400,0.0,0.0
2019-01-29 00:00:00+09:00,179.0,182.0,177.0,180.0,179800,0.0,0.0
2019-01-30 00:00:00+09:00,178.0,180.0,177.0,177.0,149600,0.0,0.0
2019-01-31 00:00:00+09:00,178.0,183.0,177.0,180.0,190400,0.0,0.0
2019-02-01 00:00:00+09:00,180.0,187.0,180.0,185.0,255300,0.0,0.0
2019-02-04 00:00:00+09:00,185.0,189.0,184.0,186.0,312300,0.0,0.0
2019-02-05 00:00:00+09:00,188.0,188.0,181.0,181.0,159500,0.0,0.0
2019-02-06 00:00:00+09:00,182.0,186.0,181.0,185.0,127200,0.0,0.0
2019-02-07 00:00:00+09:00,186.0,187.0,180.0,181.0,137600,0.0,0.0
2019-02-08 00:00:00+09:00,179.0,180.0,176.0,177.0,203500,0.0,0.0
2019-02-12 00:00:00+09:00,176.0,180.0,176.0,178.0,88800,0.0,0.0
2019-02-13 00:00:00+09:00,179.0,181.0,178.0,180.0,75000,0.0,0.0
2019-02-14 00:00:00+09:00,180.0,183.0,177.0,179.0,265400,0.0,0.0
2019-02-15 00:00:00+09:00,177.0,182.0,176.0,181.0,182100,0.0,0.0
2019-02-18 00:00:00+09:00,182.0,182.0,178.0,178.0,150100,0.0,0.0
2019-02-19 00:00:00+09:00,178.0,187.0,178.0,185.0,219400,0.0,0.0
2019-02-20 00:00:00+09:00,185.0,185.0,181.0,182.0,137400,0.0,0.0
2019-02-21 00:00:00+09:00,182.0,184.0,181.0,182.0,178500,0.0,0.0
2019-02-22 00:00:00+09:00,182.0,191.0,181.0,189.0,334600,0.0,0.0
2019-02-25 00:00:00+09:00,190.0,194.0,186.0,193.0,307700,0.0,0.0
2019-02-26 00:00:00+09:00,193.0,195.0,189.0,191.0,336700,0.0,0.0
2019-02-27 00:00:00+09:00,191.0,198.0,190.0,196.0,268300,0.0,0.0
