feature,importance
mkt_drawdown_250,0.02740715691340277
faber_trend_200,0.0036421467113499175
high_52w_gap,0.0015240189357448308
mom_12_1,0.0014697393706329203
vwap_gap_20,0.0012419244594422303
ma_gap_20,0.0008930515888615487
macd_hist,0.000764356490934944
ret_60,0.0006315867001915146
rsi_14,0.0004964046913005227
ret_5,0.00033245302272688626
dividend_yield,0.00026393298831906
volume_ratio,0.00013163819033830867
pbr,-8.532173918840424e-05
ret_20,-0.00012896053505865682
rel_strength_20,-0.0005117814177932148
ma_gap_60,-0.0016218627880582408
mkt_trend_200,-0.0020012097041170276
per,-0.002365300970269546
hl_range,-0.0037429709104093898
volatility_20,-0.006441619007429604
per_vs_3y,-0.009115777036422709
pbr_vs_3y,-0.011818434631174638
breadth_200,-0.011986176928265943
