date,code,close,ret_20,name,prob_up,Meb Faber|signal,Meb Faber|reason,Aswath Damodaran|signal,Aswath Damodaran|reason,Charlie Bilello|signal,Charlie Bilello|reason,Morgan Housel|signal,Morgan Housel|reason,Peter Brandt|signal,Peter Brandt|reason
2026-10-01,5871,107.5,-0.05701754385964908,中租-KY,0.6117,多,股價在 200 日均線之上,中性,本益比接近歷史水準,多,96% 權值股站上 200 日線，市場廣度健康,中性,市場未明顯恐慌，維持長期紀律,中性,未出現明確突破
2026-10-01,4938,90.1999969482422,-0.008791242327008786,和碩,0.6078,多,股價在 200 日均線之上,中性,本益比接近歷史水準,多,96% 權值股站上 200 日線，市場廣度健康,中性,市場未明顯恐慌，維持長期紀律,中性,未出現明確突破
2026-10-01,6505,94.1999969482422,0.2281616779177862,台塑化,0.6063,多,股價在 200 日均線之上,多,本益比低於自身 3 年中位數 70%,多,96% 權值股站上 200 日線，市場廣度健康,中性,市場未明顯恐慌，維持長期紀律,中性,未出現明確突破
2026-10-01,2603,238.0,0.0,長榮,0.604,多,股價在 200 日均線之上,空,本益比高於自身 3 年中位數 105%,多,96% 權值股站上 200 日線，市場廣度健康,中性,市場未明顯恐慌，維持長期紀律,中性,未出現明確突破
2026-10-01,6669,2110.0,-0.1931158061471031,緯穎,0.5979,多,股價在 200 日均線之上,多,本益比低於自身 3 年中位數 65%,多,96% 權值股站上 200 日線，市場廣度健康,中性,市場未明顯恐慌，維持長期紀律,中性,未出現明確突破
2026-10-01,2357,965.0,-0.044554455445544594,華碩,0.596,多,股價在 200 日均線之上,中性,本益比接近歷史水準,多,96% 權值股站上 200 日線，市場廣度健康,中性,市場未明顯恐慌，維持長期紀律,中性,未出現明確突破
2026-10-01,2887,41.25,0.02357322037033227,台新金,0.5933,多,股價在 200 日均線之上,中性,本益比接近歷史水準,多,96% 權值股站上 200 日線，市場廣度健康,中性,市場未明顯恐慌，維持長期紀律,中性,未出現明確突破
2026-10-01,2883,36.900001525878906,0.05579401202781109,凱基金,0.593,多,股價在 200 日均線之上,中性,本益比接近歷史水準,多,96% 權值股站上 200 日線，市場廣度健康,中性,市場未明顯恐慌，維持長期紀律,中性,未出現明確突破
2026-10-01,5880,26.0,0.015624984866008385,合庫金,0.5904,多,股價在 200 日均線之上,中性,本益比接近歷史水準,多,96% 權值股站上 200 日線，市場廣度健康,中性,市場未明顯恐慌，維持長期紀律,中性,未出現明確突破
2026-10-01,2882,110.5,-0.0045045045045044585,國泰金,0.5897,多,股價在 200 日均線之上,中性,本益比接近歷史水準,多,96% 權值股站上 200 日線，市場廣度健康,中性,市場未明顯恐慌，維持長期紀律,中性,未出現明確突破
2026-10-01,2891,67.9000015258789,0.021052654524494896,中信金,0.5871,多,股價在 200 日均線之上,空,本益比高於自身 3 年中位數 34%,多,96% 權值股站上 200 日線，市場廣度健康,中性,市場未明顯恐慌，維持長期紀律,中性,未出現明確突破
2026-10-01,2382,334.0,-0.023391812865497075,廣達,0.5868,多,股價在 200 日均線之上,多,本益比低於自身 3 年中位數 21%,多,96% 權值股站上 200 日線，市場廣度健康,中性,市場未明顯恐慌，維持長期紀律,中性,未出現明確突破
2026-10-01,2881,150.5,0.037931034482758585,富邦金,0.5864,多,股價在 200 日均線之上,中性,本益比接近歷史水準,多,96% 權值股站上 200 日線，市場廣度健康,中性,市場未明顯恐慌，維持長期紀律,中性,未出現明確突破
2026-10-01,1101,25.549999237060547,0.009881423222882546,台泥,0.5846,多,股價在 200 日均線之上,—,無估值資料,多,96% 權值股站上 200 日線，市場廣度健康,中性,市場未明顯恐慌，維持長期紀律,多,接近 52 週新高且站上 20 日 VWAP
2026-10-01,2885,67.4000015258789,0.010494821734098547,元大金,0.5824,多,股價在 200 日均線之上,中性,本益比接近歷史水準,多,96% 權值股站上 200 日線，市場廣度健康,中性,市場未明顯恐慌，維持長期紀律,中性,未出現明確突破
2026-10-01,2376,368.5,0.026462395543175532,技嘉,0.5816,多,股價在 200 日均線之上,多,本益比低於自身 3 年中位數 26%,多,96% 權值股站上 200 日線，市場廣度健康,中性,市場未明顯恐慌，維持長期紀律,中性,未出現明確突破
2026-10-01,3034,547.0,-0.009057971014492794,聯詠,0.5795,多,股價在 200 日均線之上,空,本益比高於自身 3 年中位數 31%,多,96% 權值股站上 200 日線，市場廣度健康,中性,市場未明顯恐慌，維持長期紀律,多,接近 52 週新高且站上 20 日 VWAP
2026-10-01,2886,48.84999847412109,0.007216463383939997,兆豐金,0.5782,多,股價在 200 日均線之上,中性,本益比接近歷史水準,多,96% 權值股站上 200 日線，市場廣度健康,中性,市場未明顯恐慌，維持長期紀律,中性,未出現明確突破
2026-10-01,2890,43.650001525878906,0.051807265683829096,永豐金,0.5782,多,股價在 200 日均線之上,中性,本益比接近歷史水準,多,96% 權值股站上 200 日線，市場廣度健康,中性,市場未明顯恐慌，維持長期紀律,中性,未出現明確突破
2026-10-01,2303,161.5,0.21886792452830184,聯電,0.5773,多,股價在 200 日均線之上,空,本益比高於自身 3 年中位數 92%,多,96% 權值股站上 200 日線，市場廣度健康,中性,市場未明顯恐慌，維持長期紀律,中性,未出現明確突破
2026-10-01,3231,190.5,0.04670329670329676,緯創,0.5762,多,股價在 200 日均線之上,多,本益比低於自身 3 年中位數 19%,多,96% 權值股站上 200 日線，市場廣度健康,中性,市場未明顯恐慌，維持長期紀律,中性,未出現明確突破
2026-10-01,2207,515.0,-0.00579150579150578,和泰車,0.5752,多,股價在 200 日均線之上,多,本益比低於自身 3 年中位數 23%,多,96% 權值股站上 200 日線，市場廣度健康,中性,市場未明顯恐慌，維持長期紀律,中性,未出現明確突破
2026-10-01,1216,73.9000015258789,-0.030183668168983324,統一,0.5747,多,股價在 200 日均線之上,多,本益比低於自身 3 年中位數 20%,多,96% 權值股站上 200 日線，市場廣度健康,中性,市場未明顯恐慌，維持長期紀律,中性,未出現明確突破
2026-10-01,2892,38.70000076293945,0.07799440440252181,第一金,0.5745,多,股價在 200 日均線之上,中性,本益比接近歷史水準,多,96% 權值股站上 200 日線，市場廣度健康,中性,市場未明顯恐慌，維持長期紀律,中性,未出現明確突破
2026-10-01,2880,45.25,0.07866505785563449,華南金,0.5722,多,股價在 200 日均線之上,中性,本益比接近歷史水準,多,96% 權值股站上 200 日線，市場廣度健康,中性,市場未明顯恐慌，維持長期紀律,中性,未出現明確突破
2026-10-01,2884,45.34999847412109,0.13659139698797618,玉山金,0.5713,多,股價在 200 日均線之上,中性,本益比接近歷史水準,多,96% 權值股站上 200 日線，市場廣度健康,中性,市場未明顯恐慌，維持長期紀律,中性,未出現明確突破
2026-10-01,3045,122.0,0.05627705627705626,台灣大,0.5677,多,股價在 200 日均線之上,中性,本益比接近歷史水準,多,96% 權值股站上 200 日線，市場廣度健康,中性,市場未明顯恐慌，維持長期紀律,多,接近 52 週新高且站上 20 日 VWAP
2026-10-01,2002,18.950000762939453,-0.0052492639436201305,中鋼,0.5661,空,股價跌破 200 日均線,—,無估值資料,多,96% 權值股站上 200 日線，市場廣度健康,中性,市場未明顯恐慌，維持長期紀律,中性,未出現明確突破
2026-10-01,2912,212.5,-0.01620370370370372,統一超,0.566,空,股價跌破 200 日均線,多,本益比低於自身 3 年中位數 19%,多,96% 權值股站上 200 日線，市場廣度健康,中性,市場未明顯恐慌，維持長期紀律,中性,未出現明確突破
2026-10-01,4904,105.0,0.03960396039603964,遠傳,0.5659,多,股價在 200 日均線之上,中性,本益比接近歷史水準,多,96% 權值股站上 200 日線，市場廣度健康,中性,市場未明顯恐慌，維持長期紀律,中性,未出現明確突破
2026-10-01,2317,254.0,-0.0078125,鴻海,0.5653,多,股價在 200 日均線之上,中性,本益比接近歷史水準,多,96% 權值股站上 200 日線，市場廣度健康,中性,市場未明顯恐慌，維持長期紀律,中性,未出現明確突破
2026-10-01,3037,1215.0,0.25128733264675596,欣興,0.5599,多,股價在 200 日均線之上,空,本益比高於自身 3 年中位數 152%,多,96% 權值股站上 200 日線，市場廣度健康,中性,市場未明顯恐慌，維持長期紀律,多,接近 52 週新高且站上 20 日 VWAP
2026-10-01,3017,3510.0,0.029325513196480912,奇鋐,0.5547,多,股價在 200 日均線之上,空,本益比高於自身 3 年中位數 30%,多,96% 權值股站上 200 日線，市場廣度健康,中性,市場未明顯恐慌，維持長期紀律,多,接近 52 週新高且站上 20 日 VWAP
2026-10-01,1303,254.0,0.08315565031982941,南亞,0.5502,多,股價在 200 日均線之上,多,本益比低於自身 3 年中位數 48%,多,96% 權值股站上 200 日線，市場廣度健康,中性,市場未明顯恐慌，維持長期紀律,多,接近 52 週新高且站上 20 日 VWAP
2026-10-01,2454,4980.0,0.1541135573580532,聯發科,0.5459,多,股價在 200 日均線之上,空,本益比高於自身 3 年中位數 285%,多,96% 權值股站上 200 日線，市場廣度健康,中性,市場未明顯恐慌，維持長期紀律,中性,未出現明確突破
2026-10-01,3711,710.0,0.16393442622950816,日月光投控,0.5391,多,股價在 200 日均線之上,空,本益比高於自身 3 年中位數 140%,多,96% 權值股站上 200 日線，市場廣度健康,中性,市場未明顯恐慌，維持長期紀律,多,接近 52 週新高且站上 20 日 VWAP
2026-10-01,1301,66.80000305175781,-0.014749261872991526,台塑,0.5362,多,股價在 200 日均線之上,多,本益比低於自身 3 年中位數 43%,多,96% 權值股站上 200 日線，市場廣度健康,中性,市場未明顯恐慌，維持長期紀律,多,接近 52 週新高且站上 20 日 VWAP
2026-10-01,2327,602.0,0.059859154929577496,國巨,0.5357,多,股價在 200 日均線之上,空,本益比高於自身 3 年中位數 180%,多,96% 權值股站上 200 日線，市場廣度健康,中性,市場未明顯恐慌，維持長期紀律,中性,未出現明確突破
2026-10-01,2360,2080.0,0.024630541871921263,致茂,0.5351,多,股價在 200 日均線之上,空,本益比高於自身 3 年中位數 65%,多,96% 權值股站上 200 日線，市場廣度健康,中性,市場未明顯恐慌，維持長期紀律,空,距 52 週高點 20% 且低於 VWAP
2026-10-01,2395,723.0,0.016877637130801704,研華,0.5348,多,股價在 200 日均線之上,空,本益比高於自身 3 年中位數 49%,多,96% 權值股站上 200 日線，市場廣度健康,中性,市場未明顯恐慌，維持長期紀律,多,接近 52 週新高且站上 20 日 VWAP
2026-10-01,3008,6205.0,-0.18139841688654357,大立光,0.5339,多,股價在 200 日均線之上,空,本益比高於自身 3 年中位數 117%,多,96% 權值股站上 200 日線，市場廣度健康,中性,市場未明顯恐慌，維持長期紀律,空,距 52 週高點 21% 且低於 VWAP
2026-10-01,2308,1905.0,0.02144772117962468,台達電,0.5314,多,股價在 200 日均線之上,空,本益比高於自身 3 年中位數 104%,多,96% 權值股站上 200 日線，市場廣度健康,中性,市場未明顯恐慌，維持長期紀律,中性,未出現明確突破
2026-10-01,2345,1900.0,-0.13832199546485258,智邦,0.531,多,股價在 200 日均線之上,中性,本益比接近歷史水準,多,96% 權值股站上 200 日線，市場廣度健康,中性,市場未明顯恐慌，維持長期紀律,空,距 52 週高點 30% 且低於 VWAP
2026-10-01,2059,11835.0,-0.1636042402826855,川湖,0.5304,多,股價在 200 日均線之上,空,本益比高於自身 3 年中位數 100%,多,96% 權值股站上 200 日線，市場廣度健康,中性,市場未明顯恐慌，維持長期紀律,中性,未出現明確突破
2026-10-01,3661,3765.0,-0.11241457212420114,世芯-KY,0.5177,多,股價在 200 日均線之上,中性,本益比接近歷史水準,多,96% 權值股站上 200 日線，市場廣度健康,中性,市場未明顯恐慌，維持長期紀律,中性,未出現明確突破
2026-10-01,2379,762.0,0.060564059400927794,瑞昱,0.5176,多,股價在 200 日均線之上,空,本益比高於自身 3 年中位數 40%,多,96% 權值股站上 200 日線，市場廣度健康,中性,市場未明顯恐慌，維持長期紀律,中性,未出現明確突破
2026-10-01,2301,284.5,-0.0532445923460898,光寶科,0.5175,多,股價在 200 日均線之上,空,本益比高於自身 3 年中位數 70%,多,96% 權值股站上 200 日線，市場廣度健康,中性,市場未明顯恐慌，維持長期紀律,中性,未出現明確突破
2026-10-01,2330,2510.0,0.03171660307517166,台積電,0.515,多,股價在 200 日均線之上,中性,本益比接近歷史水準,多,96% 權值股站上 200 日線，市場廣度健康,中性,市場未明顯恐慌，維持長期紀律,多,接近 52 週新高且站上 20 日 VWAP
2026-10-01,2383,4975.0,-0.1179078014184397,台光電,0.4964,多,股價在 200 日均線之上,空,本益比高於自身 3 年中位數 167%,多,96% 權值股站上 200 日線，市場廣度健康,中性,市場未明顯恐慌，維持長期紀律,空,距 52 週高點 21% 且低於 VWAP
2026-10-01,2412,145.5,0.06985294117647056,中華電,0.4937,多,股價在 200 日均線之上,中性,本益比接近歷史水準,多,96% 權值股站上 200 日線，市場廣度健康,中性,市場未明顯恐慌，維持長期紀律,多,接近 52 週新高且站上 20 日 VWAP
